Город (рус.);Город (англ.);Адрес офиса ЭТМ;Контактный телефон;Почта ;Веб-сайт компании www.etm.ru;Страна;Страна (англ.);Регион;Регион (англ.);НОП/РД;Режим работы
Абакан;Abakan;655004, г. Абакан, ул. Вяткина, д. 39, оф. 206<br/>(3902) 305-859;(3902) 305-859;abakan1@nsk.etm.ru;www.etm.ru;Россия;Russia;Хакасия ;Khakassia;;Пн.-Чт. 9.00-18.00, Пт. 9.00-17.00, Вс. - выходной
Альметьевск;Almetyevsk;423808, г. Альметьевск, ул. Базовая, д. 1 лит. А<br/>(8553) 45-74-08, 45-73-85;(8553) 45-74-08, 45-73-85;almetyevsk@samara.etm.ru;www.etm.ru;Россия;Russia;Татарстан;Tatarstan;;Пн.-Чт. 9.00-18.00, Пт. 9.00-17.00, Вс. - выходной
Армавир;Armavir;352900, г. Армавир, ул, Энгельса, д. 121<br/>(86137) 6-36-21;(86137) 6-36-21;аrmavir1@rnd.etm.ru;www.etm.ru;Россия;Russia;Краснодарский край;Krasnodar region;Кислов Иван Иванович;Пн.-Чт. 8.30-17.30, Пт. 8.30-16.30, Сб.-Вс. - выходные
Армавир;Armavir;"Магазин «Электроматериалы»:
352900, г. Армавир, ул. Энгельса, д. 121<br/>(86137) 6-36-20";(86137) 6-36-20;armavir@rnd.etm.ru;www.etm.ru;Россия;Russia;Краснодарский край;Krasnodar region;;Пн.-Пт. 8.30-17.30, Сб.-Вс. 8.30-17-00
Архангельск;Arkhangelsk;163002, г. Архангельск, ул. Павла Усова, д. 12, стр. 2<br/>(8182) 60-50-40 ;(8182) 60-50-40 ;arhangelsk1@etm.ru;www.etm.ru;Россия;Russia;Архангельская область;Arkhangelsk region;Васина Алеся Вячеславовна;Пн.-Пт. 9-18, Сб. 10-17, Вс.- выходной
Астрахань;Astrakhan;414004, г. Астрахань, ул. 3-я Зеленгинская, д. 56<br/>(8512) 48-14-00 ;(8512) 48-14-00 (многоканальный);ast1@ast.etm.ru;www.etm.ru;Россия;Russia;Астраханская область;Astrakhan region;Пронченко Роман Игоревич;Пн.-Чт. 8.30-17.30, Пт. 8.30-16.30, Сб.-Вс. - выходные
Балаково;Balakovo;"413800, г. Балаково, наб. Леонова, д. 63 ""А"", офис 12<br/>(8453) 39-03-01,39-04-06";(8453) 39-03-01,39-04-06;;www.etm.ru;Россия;Russia;Саратовская область;Saratov region;Шварев Анатолий Сергеевич;Пн.-Чт. 9.00-18.00, Пт. 9.00-17.00, Сб., Вс. - выходной
Барнаул;Barnaul;"656023, г. Барнаул, пр. Космонавтов, д. 8/2 (ТЦ ""Прораб"")<br/>(3852) 27-16-51, 27-16-52, 27-16-53";(3852) 27-16-51, 27-16-52, 27-16-53;barnaul1@nsk.etm.ru;www.etm.ru;Россия;Russia;Алтайский край;Altai region;Корнилова Ирина Алекcеевна;Пн.-Вс. 9.00-21.00, без выходных
Белгород;Belgorod;308017, г. Белгород, ул. Серафимовича, д. 69<br/>(4722) 21-82-22, 21-82-23, 21-82-24;(4722) 21-82-22, 21-82-23, 21-82-24;belgorod1@belgorod.etm.ru;www.etm.ru;Россия;Russia;Белгородская область;Belgorod region;Горкин Алексей Максимович;Пн.-Чт. 9.00-18.00, Пт. 9.00-17.00, Сб. 9.00-15.00, Вс. - выходной
Бийск;Biysk;659332, г. Бийск, ул. Социалистическая, д. 15, оф. 12<br/>(3854) 30-28-16;(3854) 30-28-16;biisk1@nsk.etm.ru;www.etm.ru;Россия;Russia;Алтайский край;Altai region;;Пн.-Чт. 9-18, Пт. 9-17, Сб.-Вс. - выходной
Березники;Berezniki;"618400, г. Березники, ул. Ломоносова, д. 98, оф. 206, бизнес-центр ""Форум""<br/>(3424) 292-673, 292-674";(3424) 292-673, 292-674;berezniki1@eburg.etm.ru;www.etm.ru;Россия;Russia;Пермский край;Perm region;;Пн.-Чт. 9-18, Пт. 9-17, Сб.-Вс. - выходной
Брянск;Bryansk;241004, г. Брянск, Московский пр., д. 85а,офис 2<br/>(4832) 63 73 77;(4832) 63 73 77;bryansk1@orel.etm.ru;www.etm.ru;Россия;Russia;Брянская область;Bryansk region;Долгих Роман Викторович;Пн.-Чт. 9-18, Пт. 9-17, Сб.-Вс. - выходной
Бугульма;Bugulma;423232, г. Бугульма, ул. Радищева, д. 73<br/>(85594) 3-90-40,3-90-50;(85594) 3-90-40,3-90-50;bugulma@kazan.etm.ru;www.etm.ru;Россия;Russia;Татарстан;Tatarstan;Мужилов Александр Евгеньевич;Пн.-Чт. 9-18, Пт. 9-17, Сб.-Вс. - выходной
В. Новгород;Veliky Novgorod;;(8162) 67-35-10, 67-35-15, ;vnovgorod1@etm.ru;www.etm.ru;Россия;Russia;Новгородская область;Novgorod region;Поляков Юрий Иванович;Пн.-Пт. 9-18, Сб. 10-16, Вс. - выходной
Владимир;Vladimir;600036, г. Владимир, ул. Ставровская, д. 7, корп. 7<br/>(4922) 54-04-99, 54-04-98;(4922) 54-04-99, 54-04-98;vladimir1@vladimir.etm.ru;www.etm.ru;Россия;Russia;Владимирская область;Vladimir region;Цыганков Сергей Валерьевич;Пн.-Чт. 9.00-18.00, Пт. 9.00-17.00, Сб. 9.00-15.00, Вс. - выходной
Волгоград;Volgograd;400011, г. Волгоград, Университетский пр., д. 85 лит. А<br/>(8442) 55-11-30;(8442) 55-11-30;vlg1@volgograd.etm.ru;www.etm.ru;Россия;Russia;Волгоградская область;Volgograd region;Борнев Юрий Петрович;Пн.-Чт. 8.30-17.30, Пт. 8.30-16.30, Сб. 8.30-15.30, Вс. - выходные
Волгоград;Volgograd;"Магазин ""Электроматериалы"":                                                                                                                       400119, г. Волгоград, ул. 25 лет Октября, д. 1, стр. 1, ТК ""Строй Фаворит""<br/>(8442) 599-688,  599-766";(8442) 599-688,  599-766;;www.etm.ru;Россия;Russia;Волгоградская область;Volgograd region;;Пн.-Пт. 9.00–18.00, Сб. 9.00-16.00, Вс. 9.00-15.00
Волгодонск;Volgodonsk;347360, г. Волгодонск, ул. Степная, д. 71<br/>(8639) 21-21-95;(8639) 21-21-95;vld1@vld.etm.ru;www.etm.ru;Россия;Russia;Ростовская область;Rostov region;Пыко Андрей Юрьевич;Пн.-Чт. 8.30-17.30, Пт. 8.30-16.30, Сб. 9.00-15.00, Вск. - выходной
Волжский;Volzhskiy;404100, г. Волжский, ул. Генерала Карбышева, д. 47А/2<br/>(8443) 21-51-43;(8443) 21-51-43;vlz1@vlz.etm.ru ;www.etm.ru;Россия;Russia;Волгоградская область;Volgograd region;Яковлев Андрей Александрович;Пн.-Чт. 8.30-17.30, Пт. 8.30-16.30, Сб.,Вс. - выходные
Волжский;Volzhskiy;"Магазин ""Электроматериалы"":
404100, г. Волжский, ул. Генерала Карбышева, д. 47А/2<br/>(8443) 21-51-43, (8442) 55-11-30";(8443) 21-51-43, (8442) 55-11-30;vlz2v@vlz.etm.ru;www.etm.ru;Россия;Russia;Волгоградская область;Volgograd region;;Пн.-Чт. 8.30-17.30, Пт. 8.30-16.30, Сб. 09.00-16.00, Вс. - выходной
Вологда;Vologda;160029, г. Вологда, ул. Разина, д. 4<br/>(8172) 28-51-08, 28-51-06, 27-09-39 ;(8172) 28-51-08, 28-51-06, 27-09-39 ;vologda1@etm.ru;www.etm.ru;Россия;Russia;Вологодская область;Vologda region;Шляков Владимир Евгеньевич;Пн.-Пт. 8.30-17.30, Сб. 9-16, Вс. - выходной
Воронеж;Voronezh;394019, г. Воронеж, пр. Труда, д. 111<br/>(473) 2-397-397;(473) 2-397-397;voronezh1@voronezh.etm.ru;www.etm.ru;Россия;Russia;Воронежская область;Voronezh region;Шанина Лариса Геннадьевна;Пн.-Чт. 9.00-18.00, Пт. 9.00-17.00, Сб. 9.00-15.00, Вс. - выходной
Выборг;Vyborg;188800, г. Выборг, Ленинградский пр., д. 12<br/>(81378) 280-29, 216-32;(81378) 280-29, 216-32;viborg@etm.ru;www.etm.ru;Россия;Russia;Ленинградская область;Leningrag region;;Пн.-Чт. 9-18, Пт. 9-17, Сб.-Вс. - выходной
Златоуст;Zlatoust;"456219, г. Златоуст, пр. Гагарина, 3 мкр., д. 42 лит. А, оф. 207, ТК ""Радуга""<br/>(3513) 668-040, 668-850";(3513) 668-040, 668-850;zlatoust1@eburg.etm.ru;www.etm.ru;Россия;Russia;Челябинская область;Chelyabinsk region;;Пн.-Чт. 9-18, Пт. 9-17, Сб.-Вс. - выходной
Екатеринбург;Yekaterinburg;Служба поддержки клиентов<br/>(343) 278-00-08;(343) 278-00-08;stp@eburg.etm.ru;www.etm.ru;Россия;Russia;Свердловская область;Sverdlovsk region;;
Екатеринбург;Yekaterinburg;620024, г. Екатеринбург, ул. Бисертская, д. 132<br/>(343) 216-80-20;(343) 216-80-20;ekb1@eburg.etm.ru;www.etm.ru;Россия;Russia;Свердловская область;Sverdlovsk region;НОП Тяжельников Сергей Владимирович;Пн.-Чт. 9.00-19.00, Пт. 9.00-18.00, Сб.10.00-17.00, Вс. - выходной
Екатеринбург;Yekaterinburg;620017, г. Екатеринбург, ул. Фронтовых бригад, д. 14 лит. Г<br/>(343) 379-59-69;(343) 379-59-69;ekb2@eburg.etm.ru ;www.etm.ru;Россия;Russia;Свердловская область;Sverdlovsk region;РД Бикмухаметов Александр Мухтарович;Пн.-Чт. 9.00-19.00, Пт. 9.00-18.00, Сб.10.00-17.00, Вс. - выходной
Екатеринбург;Yekaterinburg;620043, г. Екатеринбург, ул. Репина, д. 103, 4 блок, 5 подъезд, 3 этаж<br/>(343) 270-06-64;(343) 270-06-64;ekb3@eburg.etm.ru;www.etm.ru;Россия;Russia;Свердловская область;Sverdlovsk region;НОП  Ковалев Михаил Константинович;Пн.-Чт. 9.00-18.00, Пт. 9.00-17.00, Сб., Вс. - выходной
Екатеринбург;Yekaterinburg;"Магазин ""Электроматериалы"":                                                                                                                       620089  г. Екатеринбург, пер. Базовый, д. 47<br/>(343) 287-40-06";(343) 287-40-06;ekb4v@eburg.etm.ru;www.etm.ru;Россия;Russia;Свердловская область;Sverdlovsk region;;Пн.-Вс. 9.00-19.00, без выходных
Екатеринбург;Yekaterinburg;"Отдел по работе с дилерами и сетями по Уральскому региону:
620024, г. Екатеринбург, ул. Бисертская, д. 132<br/>(343) 216-22-21";(343) 216-22-21;diler@eburg.etm.ru;www.etm.ru;Россия;Russia;Свердловская область;Sverdlovsk region;Попиченко Дмитрий Александрович;Пн.-Чт. 9.00-18.00, Пт. 9.00-17.00, Сб., Вс. - выходной
Елабуга;Yelabuga;423600, г. Елабуга, пр. Нефтянников, д. 1, офис 314<br/>(885557) 5-11-03, 5-11-04, 5-11-05;(885557) 5-11-03, 5-11-04, 5-11-05;elabuga@chelny.etm.ru;www.etm.ru;Россия;Russia;Хабаровский край.;Khabarovsk Krai;Мужилов Александр Евгеньевич;Пн.-Чт. 9.00-18.00, Пт. 9.00-17.00, Сб., Вс. - выходные
Ессентуки;Yessentuki;"Магазин ""Электроматериалы"":
357600, г. Ессентуки, ул. Пятигорская, д. 83/1<br/>(87934) 48-570, 48-580";(87934) 48-570, 48-580;essentuki@rnd.etm.ru;www.etm.ru;Россия;Russia;Ставропольский край;Stavropol region;;Пн.-Пт. 8.30-17.30, Сб.-Вс. 8.30-15.30
Иваново;Ivanovo;153003, г. Иваново, ул. Парижской коммуны, д. 7А, офис 203а<br/>(4932) 58-10-32, 58-10-33;(4932) 58-10-32, 58-10-33;ivanovo1@yaroslavl.etm.ru;www.etm.ru;Россия;Russia;Ивановская область;Ivanovo region;Куликов Николай Николаевич;Пн.-Чт. 9.00-18.00, Пт. 9.00-17.00, Сб., Вс. - выходной
Ижевск;Izhevsk;"426000, г. Ижевск, ул. 10 лет Октября, д. 32 (за ТЦ ""Омега"")<br/>(3412) 90-88-93, 90-88-94, 90-88-95";(3412) 90-88-93, 90-88-94, 90-88-95;izhevsk@izh.etm.ru;www.etm.ru;Россия;Russia;Удмуртская республика;Udmurt republic;Сабреков Евгений Валерьевич;Пн.-Чт. 9.00-18.00, Пт. 9.00-17.00, Сб. 09.00-15.00, Вс. - выходной
Иркутск;Irkutsk;664047, г. Иркутск, ул. К. Либкнехта, д. 121, оф. 1006<br/>(3952) 783-831, 783-832;(3952) 783-831, 783-832;irkutsk1@nsk.etm.ru;www.etm.ru;Россия;Russia;Иркутская область;Irkutsk region;;Пн.-Чт. 9.00-18.00, Пт. 9.00-17.00, Сб.-Вс. - выходные
Йошкар-Ола;Yoshkar-Ola;424006, г. Йошкар-Ола, ул. Соловьева, д. 22А<br/>(8362) 38-11-70;(8362) 38-11-70;i-ola1@kazan.etm.ru;www.etm.ru;Россия;Russia;Марий Эл республика ;Mari El republic;"Тиньков Артем Александрович
 ";Пн.-Чт. 9.00-18.00, Пт. 9.00-17.00, Сб.-Вс. - выходные
Казань;Kazan;420073, г. Казань, ул. Бухарская, д. 89<br/>(843) 295-83-01, 295-83-02;(843) 295-83-01, 295-83-02;kazan1@kazan.etm.ru;www.etm.ru;Россия;Russia;Татарстан;Tatarstan;НОП Бакулев Евгений Анатольевич;Пн.-Чт. 8.00-18.00, Пт. 8.00-17.00, Сб. 09.00-15.00, Вс. - выходной
Казань;Kazan;420126, г. Казань, пр. Амирхана, д. 12 лит. А<br/>(843) 556-10-02, 556-10-03, 556-10-04;(843) 556-10-02, 556-10-03, 556-10-04;kazan2@kazan.etm.ru;www.etm.ru;Россия;Russia;Татарстан;Tatarstan;Якупов Антон Альбертович;Пн.-Чт. 8.00-18.00, Пт. 8.00-17.00, Сб. 09.00-15.00, Вс. - выходной
Калуга;Kaluga;248008, г. Калуга, Сельский пер., д. 2 лит. А<br/>(4842) 51-79-78, 51-79-72, 51-79-37, 52-81-39;(4842) 51-79-78, 51-79-72, 51-79-37, 52-81-39;kaluga1@kaluga.etm.ru;www.etm.ru;Россия;Russia;Калужская область;Kaluga region;Чупрунов Сергей Валерьевич;Пн.-Чт. 9.00-18.00, Пт. 9.00-17.00, Сб.-Вс. - выходные
Каменск-Шахтинский; Kamensk-Shakhtinskiy;"347805, г. Каменск-Шахтинский, пер. Крупской, д. 45/16<br/>(86365) 7-71-15; (863) 201-66-85";"(86365) 7-71-15; (863) 201-66-85";kmk1@rnd.etm.ru;www.etm.ru;Россия;Russia;Ростовская область;Rostov region;Резниченко Максим Витальевич;Пн.-Чт. 8.30-17.30, Пт. 8.30-16.30, Сб.-Вс. - выходные
Каменск-Уральский;Kamensk-Uralskiy;"623428, г. Каменск-Уральский, ул. Кунавина, д. 2, оф. 203 (БЦ ""Петровский"")<br/>(3439) 370-470";(3439) 370-470;kamensk1@eburg.etm.ru;www.etm.ru;Россия;Russia;Свердловская область;Sverdlovsk region;;Пн.-Чт. 9.00-18.00, Пт. 9.00-17.00, Сб.-Вс.- выходные
Кемерово;Kemerovo;650070, г. Кемерово, ул. Тухачевского, д. 40<br/>(3842) 31-58-78, 31-60-18, 31-66-06;(3842) 31-58-78, 31-60-18, 31-66-06;kemerovo1@nsk.etm.ru;www.etm.ru;Россия;Russia;Кемеровская область;Kemerovo region;Евсевский Павел Павлович;Пн.-Чт. 9.00-18.00, Пт. 9.00-17.00, Сб. 10.00-17.00, Вс. - выходной
Киров;Kirov;610033, г. Киров, ул. Производственная, д. 35<br/>(8332) 41-77-50, 41-77-51;(8332) 41-77-50, 41-77-51;kirov1@kazan.etm.ru;www.etm.ru;Россия;Russia;Кировская область;Kirov region;"Царев Сергей Валерьевич
";Пн.-Чт. 9.00-18.00, Пт. 9.00-17.00, Сб.-Вс. - выходные
Кострома;Kostroma;156013, г. Кострома, ул. Ленина, д. 52,офис.232<br/>(4942) 49-40-92,49-40-93;(4942) 49-40-92,49-40-93;kostroma1@yaroslavl.etm.ru;www.etm.ru;Россия;Russia;Костромская область;Kostroma region;Куликов Николай Николаевич;Пн.-Чт. 9.00-18.00, Пт. 9.00-17.00, Сб.-Вс.- выходные
Краснодар;Krasnodar;350072, г. Краснодар, ул. Московская, д. 69<br/>(861) 2-742-888 ;(861) 2-742-888 (многоканальный);krd1@krasnodar.etm.ru;www.etm.ru;Россия;Russia;Краснодарский край;Krasnodar region;Шапринский Валерий Викторович;Пн.-Чт. 8.30-17.30, Пт. 8.30-16.30, Сб. 10.00-17.00, Вс. - выходной
;Krasnodar;350910, г. Краснодар, ул. Бородинская, д. 150<br/>(861) 200-11-55;(861) 200-11-55;krd2@krasnodar.etm.ru;www.etm.ru;Россия;Russia;Краснодарский край;Krasnodar region;Ковалева Валентина Павловна;Пн.-Чт. 8.30-17.30, Пт. 8.30-16.30, Сб. 9.00-16.00, Вс. - выходной
Красноярск;Krasnoyarsk;660020, г. Красноярск, ул. Дудинская, д. 16, стр. 3<br/>(391) 226-67-67, 291-11-32, 226-67-27;(391) 226-67-67, 291-11-32, 226-67-27;krasnoyarsk1@nsk.etm.ru;www.etm.ru;Россия;Russia;Красноярский край;Krasnoyarsk region;Разорвина Ольга Анатольевна;Пн.-Чт. 9.00-18.00, Пт. 09.00-17.00, Сб.-Вс. - выходные
Красноярск;Krasnoyarsk;660012, г. Красноярск, ул. Гладкова, д. 22, стр. 14<br/>(391) 206-12-70, 206-12-80;(391) 206-12-70, 206-12-80;krasnoyarsk2@nsk.etm.ru;www.etm.ru;Россия;Russia;Красноярский край;Krasnoyarsk region;Васильева Анна Сергеевна;Пн.-Чт. 9.00-18.00, Пт. 9.00-17.00, Сб.- 10.00-17.00, Вс. - выходной
Кропоткин;Kropotkin;"352380, г. Кропоткин, ул. Красная, д. 200<br/>(86138) 6-39-46; (86137) 6-36-21";"(86138) 6-39-46; (86137) 6-36-21";kropotkin1@rnd.etm.ru;www.etm.ru;Россия;Russia;Краснодарский край;Krasnodar region;Кислов Иван Иванович;Пн.-Чт. 8.30-17.30, Пт. 8.30-16.30, Сб.-Вс. - выходные
Кропоткин;Kropotkin;"Магазин ""Электроматериалы"":
352380, г. Кропоткин, ул. Красная, д. 200<br/>(86138)703-74, 703-71";(86138)703-74, 703-71;kropotkin2@rnd.etm.ru;www.etm.ru;Россия;Russia;Краснодарский край;Krasnodar region;;Пн.-Пт. 9.00-18.00, Сб.-Вс. 8.30-15.30
Курган;Kurgan;640007, г. Курган, пр. Машиностроителей, д. 23, корп.10<br/>(3522) 64-03-34;(3522) 64-03-34;kurgan1@kurgan.etm.ru;www.etm.ru;Россия;Russia;Курганская область;Kurgan region;НОП Зыков Евгений Викторович;Пн.-Чт. 9.00-18.00, Пт. 9.00-17.00, Сб.10.00-16.00, Вс. - выходной
Курск ;Kursk;"305023, г. Курск, ул. Энгельса, д. 169 (ост. ""Соловьиная Роща"")<br/>(4712) 74-03-02, 74-03-01";(4712) 74-03-02, 74-03-01;kursk1@kursk.etm.ru;www.etm.ru;Россия;Russia;Курская область;Kursk region;Шлыков Дмитрий Сергеевич;Пн.-Чт. 9.00-18.00, Пт. 9.00-17.00, Сб., Вс. - выходной
Липецк;Lipetsk;398042, г. Липецк, ул. Московская, д. 12 лит. В.<br/>(4742) 32-29-20, 32-29-21, 33-61-48;(4742) 32-29-20, 32-29-21, 33-61-48;lipetsk1@lipetsk.etm.ru;www.etm.ru;Россия;Russia;Липецкая область;Lipetsk region;Королькова Алла Владимировна;Пн.-Чт. 9.00-18.00, Пт. 9.00-17.00, Сб. 9.00-15.00, Вс. - выходной
Магнитогорск;Magnitogorsk;455017, г. Магнитогорск, ул. Вокзальная, д. 2/2<br/>(3519) 28-84-84;(3519) 28-84-84;mgn1@mgn.etm.ru;www.etm.ru;Россия;Russia;Челябинская область;Chelyabinsk region;Иванов Павел Александрович;Пн.-Чт. 9.00-18.00, Пт. 9.00-17.00, Сб.10.00-15.00, Вс. - выходной
Махачкала;Makhachkala;"367015, г. Махачкала, пр. А. Акушинского, д. 20А<br/>(8722) 56-52-48; (8793) 39-98-48, (8722) 56-52-49";"(8722) 56-52-48; (8793) 39-98-48, факс (8722) 56-52-49";mhch1@ptg.etm.ru;www.etm.ru;Россия;Russia;Дагестанская республика ;;;Пн.-Пт. 8.30-17.30, Сб.-Вс. - выходные
Миасс;Miass;456318, г. Миасс, пр. Октября, д. 5 а, оф. 210, Бизнес-центр<br/>(3513) 250-212, 250-213;(3513) 250-212, 250-213;miass1@eburg.etm.ru;www.etm.ru;Россия;Russia;Челябинская область;Chelyabinsk region;;Пн.-Чт. 9.00-18.00, Пт. 9.00-17.00, Сб.-Вс. - выходные
Москва;Moscow;125212, г. Москва, ул. Выборгская, д. 16<br/>(495) 783-90-93, 783-80-00, 641-11-21, 641-11-22;(495) 783-90-93, 783-80-00, 641-11-21, 641-11-22;msk1@msk.etm.ru;www.etm.ru;Россия;Russia;Московская область;Moscow region;Матвеев Михаил Юрьевич;Пн.-Чт. 9.00-18.00, Пт. 9.00-17.00, Сб.-Вс. - выходные
Москва;Moscow;117452, г. Москва, Балаклавский пр., д. 28 лит. Б<br/>(495) 785-04-20, 785-04-21, 785-04-23;(495) 785-04-20, 785-04-21, 785-04-23;msk2@msk.etm.ru;www.etm.ru;Россия;Russia;Московская область;Moscow region;Колчушкин Александр Николаевич;Пн.-Чт. 9.00-18.00, Пт. 9.00-17.00, Сб.-Вс. - выходные
Москва;Moscow;140054, Московская обл., г. Котельники, Дзержинское шоссе, д. 2б<br/>(495) 783-83-07, 967-39-79, 783-70-05, 660-81-38, 642-72-70, 783-97-46;(495) 783-83-07, 967-39-79, 783-70-05, 660-81-38, 642-72-70, 783-97-46;msk3@msk.etm.ru;www.etm.ru;Россия;Russia;Московская область;Moscow region;Ветохин Александр Александрович;Пн.-Чт. 9.00-18.00, Пт. 9.00-17.00, Сб. 9.00-15.00, Вс. - выходной
Москва;Moscow;141007, Московская обл., г. Мытищи, ул. Хлебозаводская, д. 4, оф. 206<br/>(495) 663-84-23, 663-84-24, 663-84-25;(495) 663-84-23, 663-84-24, 663-84-25;msk4@msk.etm.ru;www.etm.ru;Россия;Russia;Московская область;Moscow region;Чанышев Ирек Альфатович;Пн.-Чт. 9.00-18.00, Пт. 9.00-17.00, Сб.-Вс. - выходные
Москва;Moscow;141304, Московская обл., г. Сергиев Посад, Московское ш., д. 5<br/>(496) 554-74-33, 554-74-22;(496) 554-74-33, 554-74-22;msk4@msk.etm.ru;www.etm.ru;Россия;Russia;Московская область;Moscow region;Чанышев Ирек Альфатович;Пн.-Чт. 9.00-18.00, Пт. 9.00-17.00, Сб.-Вс. - выходные
Москва;Moscow;143000, Московская обл. г. Одинцово, ул. Транспортная, д. 8<br/>(495) 926-73-29, 926-73-30, 926-73-31 (499) 726-72-57, 726-72-89;(495) 926-73-29, 926-73-30, 926-73-31 (499) 726-72-57, 726-72-89;msk5@msk.etm.ru;www.etm.ru;Россия;Russia;Московская область;Moscow region;Антонян Артур Леонидович;Пн.-Чт. 9.00-18.00, Пт. 9.00-17.00, Сб.-Вс. - выходные
Москва;Moscow;143402, Московская обл., г. Красногорск, ул. Жуковского, д. 7, оф. 12<br/>(495) 561-03-84, 561-05-89;(495) 561-03-84, 561-05-89;msk5@msk.etm.ru;www.etm.ru;Россия;Russia;Московская область;Moscow region;Антонян Артур Леонидович;Пн.-Чт. 9.00-18.00, Пт. 9.00-17.00, Сб.-Вс. - выходные
Москва;Moscow;140054, Московская область, г. Котельники, мкрн. Ковровый, д. 37<br/>(495) 783-97-46, 258-39-62;(495) 783-97-46, 258-39-62;msk6@msk.etm.ru;www.etm.ru;Россия;Russia;Московская область;Moscow region;Дзюба Олег Васильевич;Пн.-Чт. 9.00-18.00, Пт. 9.00-17.00, Сб.-Вс. - выходные
Москва;Moscow;140180, Московская область, г. Жуковский, ул. Дугина, д. 28/12, 2 этаж, офис 13<br/>(498) 479-52-75, 479-52-76, 479-52-77, 479-52-78;(498) 479-52-75, 479-52-76, 479-52-77, 479-52-78;msk6@msk.etm.ru;www.etm.ru;Россия;Russia;Московская область;Moscow region;Дзюба Олег Васильевич;Пн.-Чт. 9.00-18.00, Пт. 9.00-17.00, Сб.-Вс. - выходные
Москва;Moscow;142100, Московская область, г. Подольск, пр. Ленина, д.107/49 , офис 307<br/>(4967) 55-93-69, 55-93-53;(4967) 55-93-69, 55-93-53;msk7@msk.etm.ru;www.etm.ru;Россия;Russia;Московская область;Moscow region;Хрунич Алексей Александрович;Пн.-Чт. 9.00-18.00, Пт. 9.00-17.00, Сб.-Вс. - выходные
Москва;Moscow;142200, Московкая оюласть, г. Серпухов, ул. Ворошилова, д. 128, офис 406<br/>(4967) 76-47-99, 76-47-88;(4967) 76-47-99, 76-47-88;msk7@msk.etm.ru;www.etm.ru;Россия;Russia;Московская область;Moscow region;Хрунич Алексей Александрович;Пн.-Чт. 9.00-18.00, Пт. 9.00-17.00, Сб.-Вс. - выходные
Москва;Moscow;142322, Московская область, Чеховский р-н, п. Новосёлки, вл.11, стр.4<br/>(495) 783-25-77, 783-25-78;(495) 783-25-77, 783-25-78;msk7@msk.etm.ru;www.etm.ru;Россия;Russia;Московская область;Moscow region;Хрунич Алексей Александрович;Пн.-Чт. 9.00-18.00, Пт. 9.00-17.00, Сб.-Вс. - выходные
Москва;Moscow;"142000, Московская область, г. Домодедово, ул. Корнеева, д. 8, вх ""С"", 4 этаж<br/>(49679) 541-42, 541-43";(49679) 541-42, 541-43;msk7@msk.etm.ru;www.etm.ru;Россия;Russia;Московская область;Moscow region;Хрунич Алексей Александрович;Пн.-Чт. 9.00-18.00, Пт. 9.00-17.00, Сб.-Вс. - выходные
Москва;Moscow;141400, Московская область, г. Химки, ул. Энгельса, д. 7/15<br/>(499) 271-34-51, 271-34-52, 271-34-53, 271-34-54;(499) 271-34-51, 271-34-52, 271-34-53, 271-34-54;msk8@msk.etm.ru;www.etm.ru;Россия;Russia;Московская область;Moscow region;Дикаев Александр Мусаевич;Пн.-Чт. 9.00-18.00, Пт. 9.00-17.00, Сб.-Вс. - выходные
Москва;Moscow;111123, г. Москва, Электродный проезд, д. 6, под. 5, этаж 5, оф. 49<br/>(499) 922-00-50, 45, 46, 47, 48, 49;(499) 922-00-50, 45, 46, 47, 48, 49;msk9@msk.etm.ru;www.etm.ru;Россия;Russia;Московская область;Moscow region;Краснов Виктор Анатольевич;Пн.-Чт. 9.00-18.00, Пт. 9.00-17.00, Сб.-Вс. - выходные
Москва;Moscow;123290, г. Москва, ул. 3-Магистральная, д.12 стр.1, подъезд 1,  этаж 1<br/>(499) 270-20-34, 270-20-35;(499) 270-20-34, 270-20-35;msk10@msk.etm.ru;www.etm.ru;Россия;Russia;Московская область;Moscow region;Абрамов Сергей Александрович;Пн.-Чт. 9.00-18.00, Пт. 9.00-17.00, Сб.-Вс. - выходные
Москва;Moscow;"Отдел по работе с дилерами и сетями по Центральному региону:
140054, Московская область, г. Котельники, мкрн. Ковровый, д. 37<br/>(495) 967-16-78, 783-83-08";(495) 967-16-78, 783-83-08;diler@msk.etm.ru;www.etm.ru;Россия;Russia;Московская область;Moscow region;Бачурин Михаил Станиславович;Пн.-Чт. 9.00-18.00, Пт. 9.00-17.00, Сб.-Вс. - выходные
Мурманск;Murmansk;183034, г. Мурманск, ул. Промышленная, д. 19, офис 408<br/>(8152) 21-21-20;(8152) 21-21-20;murmansk1@etm.ru;www.etm.ru;Россия;Russia;Мурманская область;Murmansk region;; Пн.-Чт. 9-18, Пт. 9-17, Сб.-Вс. - выходные.
Набережные Челны;Naberezhnye Chelny;423800, г. Набережные Челны, ул. Низаметдинова, д. 2<br/>(8552) 475-151, 475-152, 475-153;(8552) 475-151, 475-152, 475-153;chelny1@chelny.etm.ru;www.etm.ru;Россия;Russia;Татарстан;Tatarstan;Рогов Владимир Владимирович;Пн.-Чт. 9.00-18.00, Пт. 9.00-17.00, Сб. 09.00-15.00, Вс. - выходной
Нефтеюганск;Nefteyugansk;"628300, г. Нефтеюганск, ул. Парковая, д. 6, корп. 7 (База ""Юна"")<br/>(3463) 231-138, 231-168";(3463) 231-138, 231-168;nyugansk1@eburg.etm.ru;www.etm.ru;Россия;Russia;Ханты-Мансийский автономный округ;Khanty-Mansiysk region;;Пн.-Чт. 9.00-18.00, Пт. 9.00-17.00, Сб.-Вс. - выходные
Невинномысск;Nevinnomyssk;"Магазин ""Электроматериалы"":
357100, г. Невинномысск, ул. Гагарина, д. 47В, ТЦ ""Тор Плаза""<br/>(86554) 953-78, 953-79";(86554) 953-78, 953-79;;www.etm.ru;Россия;Russia;Ставропольский край;Stavropol region;;Пн.-Пт. 8.30-17.30, Сб.-Вс. 8.30-15.30
Нижневартовск;Nizhnevartovsk;628600, г. Нижневартовск, ул. Индустриальная, д. 29, стр. 18<br/>(3466) 670-778, 670-079;(3466) 670-778, 670-079;nvartovsk1@eburg.etm.ru;www.etm.ru;Россия;Russia;Ханты-Мансийский автономный округ;Khanty-Mansiysk region;;Пн.-Чт. 9.00-18.00, Пт. 9.00-17.00, Сб.-Вс.- выходные
Нижнекамск;Nizhnekamsk;"423570,? г. Нижнекамск, пр. Химиков, д. 18, 3 этаж, ТЦ ""Сити Молл""<br/>(8555) 32-51-03";(8555) 32-51-03;Nizhnekamsk@chelny.etm.ru;www.etm.ru;Россия;Russia;Татарстан;Tatarstan;Мужилов Александр Евгеньевич;Пн.-Чт. 9.00-18.00, Пт. 9.00-17.00, Сб.-Вс. - выходные
Нижний Новгород;Nizhny Novgorod;603037, г. Нижний Новгород, ул. Федосеенко, д. 47<br/>(831) 275-89-58, 275-89-51;(831) 275-89-58, 275-89-51;nnov1@nnov.etm.ru;www.etm.ru;Россия;Russia;Нижегородская область;Nizhniy Novgorod region;Горожанин Михаил Александрович;Пн.-Чт. 9.00-18.00, Пт. 9.00-17.00, Сб.-Вс. - выходные
;Nizhny Novgorod;603009, г. Нижний Новгород, пр. Гагарина, д. 37, лит. Б<br/>(831) 296-14-69 ;(831) 296-14-69;nnov2@nnov.etm.ru;www.etm.ru;Россия;Russia;Нижегородская область;Nizhniy Novgorod region;Баранов Александр Дмитриевич;Пн.-Чт. 9.00-18.00, Пт. 9.00-17.00, Сб. 9.00-15.00, Вс. - выходной
Нижний Тагил;Nizhny Tagil;622005, г. Нижний Тагил, ул. Балакинская, д. 1 лит. А<br/>(3435) 47-62-30;(3435) 47-62-30;tagil1@tagil.etm.ru;www.etm.ru;Россия;Russia;Свердловская область;Sverdlovsk region;Низамутдинов Рустам Жаудатович;Пн.-Чт. 9.00-18.00, Пт. 9.00-17.00, Сб.-Вс. - выходные
Новокузнецк;Novokuznetsk;654005, г. Новокузнецк, ул. ДОЗ, д. 19, корпус 2а<br/>(3843) 993-525, 993-600, 993-041, 993-042;(3843) 993-525, 993-600, 993-041, 993-042;novokuzneck1@nsk.etm.ru;www.etm.ru;Россия;Russia;Кемеровская область;Kemerovo region;Шилкин Сергей Викторович;Пн.-Чт. 9.00-18.00, Пт. 9.00-17.00, Сб.-Вс.- выходные
Новороссийск;Novorossiysk;353917, г. Новороссийск, ул. Кутузовская, д. 117<br/>(8617) 21-01-05  ;(8617) 21-01-05 ;novoross1@novoross.etm.ru;www.etm.ru;Россия;Russia;Краснодарский край;Krasnodar region;Ончул Олег Эдуардович;Пн.-Чт. 8.30-17.30, Пт. 8.30-16.30, Сб.-Вс. - выходные
Новосибирск;Novosibirsk;630027, г. Новосибирск, ул. Дунаевского, д. 16, корп. 2<br/>(383) 363-15-15, 363-15-17, 363-15-20 ;(383) 363-15-15, 363-15-17, 363-15-20;nsk1@nsk.etm.ru;www.etm.ru;Россия;Russia;Новосибирская область;Novosibirsk region;Кутакова Ирина Евгеньевна;Пн.-Чт. 9.00-18.00, Пт. 9.00-17.00, Сб.-Вс. - выходные
Новосибирск;Novosibirsk;630033, г. Новосибирск, ул. Оловозаводская, д. 20, корп.1<br/>(383) 363-14-15, 363-14-23;(383) 363-14-15, 363-14-23;nsk2@nsk.etm.ru;www.etm.ru;Россия;Russia;Новосибирская область;Novosibirsk region;Топстов Валерий Васильевич;Пн.-Чт. 9.00-18.00, Пт. 9.00-17.00, Сб. 10.00-17.00, Вс. - выходной
Новосибирск;Novosibirsk;"Отдел по работе с дилерами и сетями по Сибирскому региону:
630033, г. Новосибирск, ул. Оловозаводская, д. 20, корп.1<br/>(383) 363-14-17";(383) 363-14-17;diler@nsk.etm.ru;www.etm.ru;Россия;Russia;Новосибирская область;Novosibirsk region;Илюхина Марина Михайловна;Пн.-Чт. 9.00-18.00, Пт. 9.00-17.00, Сб.-Вс. - выходной
Новочеркасск;Novocherkassk;"346400, г. Новочеркасск, ул. Первомайская, д. 97/156<br/>(8635) 265-458; (863) 201-66-85";"(8635) 265-458; (863) 201-66-85";nvc1@rnd.etm.ru;www.etm.ru;Россия;Russia;Ростовская область;Rostov region;Резниченко Максим Витальевич;Пн.-Чт. 8.30-17.30, Пт. 8.30-16.30, Сб.-Вс. - выходные
Новочеркасск;Novocherkassk;"Магазин ""Электроматериалы"":
346400, г. Новочеркасск, ул. Богдана Хмельницкого, д. 49<br/>(8635) 275-632, 275-634";(8635) 275-632, 275-634;nvc2v@rnd.etm.ru;www.etm.ru;Россия;Russia;Ростовская область;Rostov region;;Пн.-Пт. 8.30-17.30, Сб.-Вс. 8.30-15.30
Омск;Omsk;"644089, г. Омск, пр. Мира, д. 71, корп. 3 (на территории рынка ""Торговый двор"")<br/>(3812) 60-30-81 ";(3812) 60-30-81;omsk1@omsk.etm.ru;www.etm.ru;Россия;Russia;Омская область;Omsk region;Ткаченко Елена Анатольевна;Пн.-Чт. 9.00-18.00, Пт. 9.00-17.00, Сб.10.00-16.00, Вс. - выходной
Оренбург;Orenburg;460048, г. Оренбург, ул. Монтажников, д. 13<br/>(3532) 37-07-37, 37-07-38 ;(3532) 37-07-37, 37-07-38;orenburg1@orenburg.etm.ru;www.etm.ru;Россия;Russia;Оренбургская область;Orenburg region;Буташов Андрей Владимирович;Пн.-Чт. 9.00-18.00, Пт. 9.00-17.00, Сб. 09.00-15.00, Вс. - выходной
Орел;Oryol;302010, г. Орел, ул. Автовокзальная, д. 56<br/>(4862) 44-25-99, 442-597, 442-598, 442-599;(4862) 44-25-99, 442-597, 442-598, 442-599;orel1@orel.etm.ru;www.etm.ru;Россия;Russia;Орловская область;Orel region;Долгих Роман Викторович;Пн.-Чт. 9.00-18.00, Пт. 9.00-17.00, Сб. 9.00-15.00, Вс. - выходной
Орск;ORSK;"462400, г. Орск, Орское ш., д. 12 (ТК ""Диалог"")<br/>(3537) 340-410,340-411 ";(3537) 340-410,340-411;orsk@orsk.etm.ru;www.etm.ru;Россия;Russia;Оренбургская область;Orenburg region;Исмагилова Оксана Олеговна;Пн.-Чт. 9.00-18.00, Пт. 9.00-17.00, Сб. 09.00-15.00, Вс. - выходной
Пенза;Penza;440015, г. Пенза, ул. Аустрина, д. 63<br/>(8412) 579-375, 579-335, 909-315, 909-345 ;(8412) 579-375, 579-335, 909-315, 909-345;penza1@penza.etm.ru;www.etm.ru;Россия;Russia;Пензенская область;Penza region;Зарахова Татьяна Александровна;Пн.-Чт. 9.00-18.00, Пт. 9.00-17.00, Вс. - выходной
Пермь;Perm;614064, г. Пермь, ул. Ижевская, д. 27<br/>(342) 249-53-71 ;(342) 249-53-71;perm1@perm.etm.ru;www.etm.ru;Россия;Russia;Пермский край;Perm region;РД Верещагин Сергей Львович;Пн.-Чт. 9.00-18.00, Пт. 9.00-17.00, Сб.-Вс. - выходные
Пермь;Perm;"614058, г. Пермь, ул. Трамвайная, д. 33, корпус 6 (на территории ТК ""Парковый"")<br/>(342) 256-62-00 ";(342) 256-62-00;perm2@perm.etm.ru;www.etm.ru;Россия;Russia;Пермский край;Perm region;Садыков Олег Алекович;Пн.-Чт. 9.00-19.00, Пт. 9.00-18.00, Сб.10.00-17.00, Вс. - выходной
Петрозаводск;Petrozavodsk;185001, г. Петрозаводск, ул. Мелентьевой, д. 50А<br/>(8142) 77-12-43, 70-23-68;(8142) 77-12-43, 70-23-68;petrozavodsk1@etm.ru;www.etm.ru;Россия;Russia;Республика Карелия;Karelia republic;Мандычева Александра Викторовна;Пн.-Пт. 9-18, Сб. 10-17, Вс. - выходной
Пятигорск;Pyatigorsk;357500, г. Пятигорск, Кисловодское ш., д. 19<br/>(8793) 39-98-48  ;(8793) 39-98-48 ;ptg1@ptg.etm.ru;www.etm.ru;Россия;Russia;Ставропольский край;Stavropol region;Пивненко Михаил Петрович;Пн.-Чт. 8.30-17.30, Пт. 8.30-16.30, Сб. 10.00-17.00, Вс. - выходной
Ростов-на-Дону;Rostov-on-Don;346800, г. Ростов-на-Дону, пер. 1-ый Машиностроительный, промзона 12<br/>(863) 297-80-78 ;(863) 297-80-78;rnd1@rnd.etm.ru;www.etm.ru;Россия;Russia;Ростовская область;Rostov region;Леонова Ирина Петровна;Пн.-Чт. 8.30-17.30, Пт. 8.30-16.30, Сб.-Вс. - выходной
Ростов-на-Дону;Rostov-on-Don;344065, г. Ростов-на-Дону, ул. Орская, д. 17 лит. В<br/>(863) 201-66-85  ;(863) 201-66-85 ;rnd2@rnd.etm.ru;www.etm.ru;Россия;Russia;Ростовская область;Rostov region;Беляева Евгения Николаевна;Пн.-Чт. 8.30-17.30, Пт. 8.30-16.30, Сб. 8.30-15.30, Вс. - выходной
Ростов-на-Дону;Rostov-on-Don;"Магазин ""Электроматериалы"":
344079, г. Ростов-на-Дону, ул. Нансена, д. 85<br/>(863) 24-24-802  ";(863) 24-24-802 ;rnd3v@rnd.etm.ru;www.etm.ru;Россия;Russia;Ростовская область;Rostov region;;Пн.-Чт. 8.30-17.30, Пт. 8.30-16.30, Сб. 8.00-15.00, Вс. - выходной
Ростов-на-Дону;Rostov-on-Don;"Отдел по работе с дилерами и сетями по Южному региону:
346800, г. Ростов-на-Дону, пер. 1-й Машиностроительный, промзона 12<br/>(863) 200-82-62";(863) 200-82-62;diler@rnd.etm.ru;www.etm.ru;Россия;Russia;Ростовская область;Rostov region;Кожухарь Сергей Викторович;Пн.-Чт. 8.30-17.30, Пт. 8.30-16.30, Сб.-Вс. - выходные
Рязань;Ryazan;390000, г. Рязань, Окружная дорога, 196 км, стр. 6<br/>(4912) 30-78-53, 30-78-54, 30-78-55, 29-31-70  ;(4912) 30-78-53, 30-78-54, 30-78-55, 29-31-70 ;ryazan@ryazan.etm.ru;www.etm.ru;Россия;Russia;Рязанская область;Ryazan region;Маскаев Николай Владимирович;Пн.-Чт. 9.00-18.00, Пт. 9.00-17.00, Сб.-Вс. - выходные
Самара;Samara;443080, г. Самара, ул. Гаражная, д. 5 (вход со стороны 3 проезда)<br/>(846) 279-20-44 ;(846) 279-20-44;samara1@samara.etm.ru;www.etm.ru;Россия;Russia;Самарская область;Samara region;Шестаков Олег Васильевич;Пн.-Чт. 8.00-18.00, Пт. 8.00-17.00, Сб. 09.00-15.00, Вс. - выходной
Самара;Samara;443022, г. Самара, ул. XXII Партсъезда, д. 10 лит. А<br/>(846) 278-42-79;(846) 278-42-79;samara2@samara.etm.ru;www.etm.ru;Россия;Russia;Самарская область;Samara region;Усков Евгений Вячеславович;Пн.-Чт. 9.00-18.00, Пт. 9.00-17.00, Сб., Вс. - выходной
Самара;Samara;443022, г. Самара, ул. XXII Партсъезда, д. 1б<br/>(846) 279-28-53;(846) 279-28-53;samara2@samara.etm.ru;www.etm.ru;Россия;Russia;Самарская область;Samara region;Усков Евгений Вячеславович;Пн.-Чт. 9.00-18.00, Пт. 9.00-17.00, Сб., Вс. - выходной
Самара;Samara;443045, г. Самара, ул. Печёрская, д. 18 лит. А<br/>(846) 260-31-31, 267-31-30 ;(846) 260-31-31, 267-31-30;samara3@samara.etm.ru;www.etm.ru;Россия;Russia;Самарская область;Samara region;РД Шестаков Олег Васильевич;Пн.-Чт. 9.00-18.00, Пт. 9.00-17.00, Сб. 09.00-15.00, Вс. - выходной
Самара;Samara;"Магазин ""Электроматериалы"":
443015, г. Самара, ул. Главная, д. 23 (на территории ОАО ""Магистраль"")<br/>(846) 269-64-69 ";(846) 269-64-69;samarav@samara.etm.ru;www.etm.ru;Россия;Russia;Самарская область;Samara region;;Пн.-Чт. 9.00-18.00, Пт. 9.00-17.00, Сб. 09.00-15.00, Вс. - выходной
Самара;Samara;"Отдел по работе с дилерами и сетями по Поволжскому региону:
г Самара, .ул. XXII Партсъезда, д. 10а<br/>(846) 279-27-69, 279-27-68";(846) 279-27-69, 279-27-68;diler@samara.etm.ru;www.etm.ru;Россия;Russia;Самарская область;Samara region;Сафонов Павел Владимирович;Пн.-Чт. 9.00-18.00, Пт. 9.00-17.00, Сб.-Вс. - выходные
Санкт-Петербург;St.Petersburg;Единая телефонная служба;(812) 326-40-60 ;3264060@etm.ru;www.etm.ru;Россия;Russia;Ленинградская область;Leningrag region;;
Санкт-Петербург;St.Petersburg;196084, г. Санкт-Петербург, ул. Заозерная, д. 14<br/>(812) 326-40-62;(812) 326-40-62;spb1@etm.ru;www.etm.ru;Россия;Russia;Ленинградская область;Leningrag region;Юруц Вячеслав Александрович;Пн.-Пт. 9.00-19.00, Сб.-Вс. 10.00-17.00
Санкт-Петербург;St.Petersburg;194358, г. Санкт-Петербург, пр. Энгельса, д. 154<br/>(812) 380-34-24;(812) 380-34-24;spb2@etm.ru;www.etm.ru;Россия;Russia;Ленинградская область;Leningrag region;Федотов Борис Викторович;Пн.Пт. 9-19, Сб.-Вс. 10-17
Санкт-Петербург;St.Petersburg;198097, г. Санкт-Петербург, ул. Трефолева, д. 1 лит. П<br/>(812) 331-37-00;(812) 331-37-00;spb3@etm.ru;www.etm.ru;Россия;Russia;Ленинградская область;Leningrag region;Гордзей Родион Вячеславович;Пн.-Чт. 9-18, Пт. 9-17, Сб.-Вс. - выходной
Санкт-Петербург;St.Petersburg;192236, г. Санкт-Петербург, ул. Софийская, д. 8<br/>(812) 320-45-15;(812) 320-45-15;spb4@etm.ru;www.etm.ru;Россия;Russia;Ленинградская область;Leningrag region;Егоров Иван Михайлович;Пн.-Чт. 9-19, Пт. 9-18, Сб. 10-17, Вс. - выходной
Санкт-Петербург;St.Petersburg;194044, г. Санкт-Петербург, Крапивный пер., д. 5, офис 302<br/>(812) 320-60-03;(812) 320-60-03;spb5@etm.ru;www.etm.ru;Россия;Russia;Ленинградская область;Leningrag region;Малиновский Игорь Вячеславович;Пн.-Чт. 9.00-18.00, Пт. 9.00-17.00, Сб.-Вс. - выходные
Санкт-Петербург;St.Petersburg;195112, г. Санкт-Петербург, пл. Карла Фаберже, д. 8, лит. Б, офис 406<br/>(812) 337-12-91, 337-12-93;(812) 337-12-91, 337-12-93;spb6@etm.ru;www.etm.ru;Россия;Russia;Ленинградская область;Leningrag region;Шабельник Юлия Михайловна;Пн.-Чт. 9.00-18.00, Пт. 9.00-17.00, Сб.-Вс. - выходные
Санкт-Петербург;St.Petersburg;Магазины «Электроматериалы»:;;;www.etm.ru;Россия;Russia;Ленинградская область;Leningrag region;;
Санкт-Петербург;St.Petersburg;190031, г. Санкт-Петербург, пер. Гривцова, д. 22<br/>(812) 310-30-71, 310-23-44;(812) 310-30-71, 310-23-44;;www.etm.ru;Россия;Russia;Ленинградская область;Leningrag region;;Пн.-Пт. 9-19, Сб.-Вс. 10-17
Санкт-Петербург;St.Petersburg;191144, г. Санкт-Петербург, ул. Моисеенко, д. 25/24<br/>(812) 331-10-60, 331-92-72;(812) 331-10-60, 331-92-72;;www.etm.ru;Россия;Russia;Ленинградская область;Leningrag region;;Пн.-Пт. 9-19, Сб.-Вс. 10-17
Санкт-Петербург;St.Petersburg;198216, г. Санкт-Петербург, Ленинский пр., д. 140<br/>(812) 372-18-00;(812) 372-18-00;;www.etm.ru;Россия;Russia;Ленинградская область;Leningrag region;;Пн.-Пт. 9-21, Сб.-Вс. 10-19
Санкт-Петербург;St.Petersburg;195220, г.  Санкт-Петербург, Гражданский пр., д. 15<br/>(812) 534-37-27;(812) 534-37-27;;www.etm.ru;Россия;Russia;Ленинградская область;Leningrag region;;Пн.-Пт. 9-19, Сб.-Вс. 10-17
Санкт-Петербург;St.Petersburg;198332, г. Санкт-Петербург, Ленинский пр., д. 90<br/>(812) 320-67-57;(812) 320-67-57;;www.etm.ru;Россия;Russia;Ленинградская область;Leningrag region;;Пн.-Пт. 9-19, Сб.-Вс. 10-17
Санкт-Петербург;St.Petersburg;193232, г. Санкт-Петербург, пр. Большевиков, д. 25<br/>(812) 320-53-60;(812) 320-53-60;;www.etm.ru;Россия;Russia;Ленинградская область;Leningrag region;;Пн.-Пт. 9-19, Сб.-Вс. 10-17
Санкт-Петербург;St.Petersburg;197227, г. Санкт-Петербург, пр. Испытателей, д. 8, корп. 1<br/>(812) 300-95-44, 305-29-62 ;(812) 300-95-44, 305-29-62 ;;www.etm.ru;Россия;Russia;Ленинградская область;Leningrag region;;Пн.-Пт. 9-21, Сб.-Вс. 10-19
Санкт-Петербург;St.Petersburg;199406, г. Санкт-Петербург, B.О., Малый пр., д. 75<br/>(812) 327-09-09;(812) 327-09-09;;www.etm.ru;Россия;Russia;Ленинградская область;Leningrag region;;Пн.-Пт. 9-19, Сб.-Вс. 10-17
Санкт-Петербург;St.Petersburg;197374, г. Санкт-Петербург, ул. Савушкина, д. 121, корп. 1<br/>(812) 344-43-13;(812) 344-43-13;;www.etm.ru;Россия;Russia;Ленинградская область;Leningrag region;;Пн.-Пт. 9-19, Сб.-Вс. 10-17
Санкт-Петербург;St.Petersburg;"192281, г.ул. Малая Балканская, д. 26<br/>(812) 242-16-09; 242-16-08";"(812) 242-16-09; 242-16-08 (факс)";;www.etm.ru;Россия;Russia;Ленинградская область;Leningrag region;;Пн.-Пт. 9-19, Сб.-Вс. 10-17
Санкт-Петербург;St.Petersburg;195027, г. Санкт-Петербург, ул. Магнитогорская, д. 51<br/>(812) 326-54-50;(812) 326-54-50;;www.etm.ru;Россия;Russia;Ленинградская область;Leningrag region;;Пн.-Пт. 9-19, Сб. 10-17, Вс. - выходной
Санкт-Петербург;St.Petersburg;"196655, г. Санкт-Петербург, Колпино, ул. Оборонная, д. 10, ТЦ ""ОКА"", секция 37<br/>(812) 244-88-72";(812) 244-88-72;;www.etm.ru;Россия;Russia;Ленинградская область;Leningrag region;;Пн.-Вс. 10.00-19.00
Санкт-Петербург;St.Petersburg;"Отдел по работе с дилерами и сетями:
198097, г. Санкт-Петербург, ул. Трефолева, д. 1 лит. П<br/>(812)331-66-81";(812)331-66-81;diler@etm.ru;www.etm.ru;Россия;Russia;Ленинградская область;Leningrag region;Широкова Наталья Анатольевна;Пн.-Чт. 9-18, Пт. 9-17, Сб.-Вс. - выходной
Саранск;Saransk;430030, г. Саранск, ул. Строительная, д. 15<br/>(8342) 33-91-63, 33-91-69 ;(8342) 33-91-63, 33-91-69;op1@saransk.etm.ru;www.etm.ru;Россия;Russia;Республика Мордовия;Mordovia republic;Савельев Алексей Александрович;Пн.-Чт. 9.00-18.00, Пт. 9.00-17.00, Сб. 09.00-15.00, Вс. - выходной
Саратов;Saratov;410078, г. Саратов, ул. Университетская, д. 1<br/>(8452) 75-40-11, 58-58-28 ;(8452) 75-40-11, 58-58-28;saratov1@saratov.etm.ru;www.etm.ru;Россия;Russia;Саратовская область;Saratov region;Применко Алексей Дмитриевич;Пн.-Чт. 9.00-18.00, Пт. 9.00-17.00, Сб. 09.00-15.00, Вс. - выходной
Cеров;Serov;624992, г. Cеров, ул. Братьев Горшковых, д. 10, оф. 21<br/>(34385) 6-09-07, 6-09-08;(34385) 6-09-07, 6-09-08;serov1@eburg.etm.ru;www.etm.ru;Россия;Russia;Свердловская область;Sverdlovsk region;;Пн.-Чт. 9.00-18.00, Пт. 9.00-17.00, Сб.-Вс. - выходные
Сочи;Sochi;354065, г. Сочи, ул. Гагарина, д. 72 лит. А<br/>(8622) 90-11-00, 90-12-95  ;(8622) 90-11-00, 90-12-95 ;sochi1@sochi.etm.ru;www.etm.ru;Россия;Russia;Краснодарский край;Krasnodar region;Штригель Ольга Николаевна;Пн.-Чт. 8.30-17.30, Пт. 8.30-16.30, Сб. 10.00-17.00, Вс. - выходной
Ставрополь;Stavropol;355042, г. Ставрополь, ул. Доваторцев, д. 60<br/>(8652) 74-04-14 ;(8652) 74-04-14;stavropol1@stavropol.etm.ru;www.etm.ru;Россия;Russia;Ставропольский край;Stavropol region;Хамичёнок Ольга Юрьевна;Пн.-Чт. 8.30-17.30, Пт. 8.30-16.30, Сб.-Вс. - выходные
Старый Оскол;Stariy Oskol;309508, г. Старый Оскол, ул. Заводская, д. 1 лит. Б<br/>(4725) 42-62-51, 42-25-13, 42-57-33, 42-67-43, 46-22-18 ;(4725) 42-62-51, 42-25-13, 42-57-33, 42-67-43, 46-22-18;oskol1@oskol.etm.ru;www.etm.ru;Россия;Russia;Белгородская область;Belgorod region;Черняев Владимир Алексеевич;Пн.-Чт. 9.00-18.00, Пт. 9.00-17.00, Сб. 9.00-15.00, Вc. - выходной
Стерлитамак;Sterlitamak;453115, г. Стерлитамак, ул. Вокзальная, д. 9А, лит. Е<br/>(3473) 21-33-33, 25-44-94, 25-11-65 ;(3473) 21-33-33, 25-44-94, 25-11-65;str@str.etm.ru;www.etm.ru;Россия;Russia;Башкортастан;Republic of Bashkortostan;Гришин Андрей Владимирович;Пн.-Чт. 9.00-18.00, Пт. 9.00-17.00, Сб. 09.00-15.00, Вс. - выходной
Сургут;Surgut;628407, г. Сургут, ул. Комплектовочная, д. 5<br/>(3462) 933-633;(3462) 933-633;surgut1@eburg.etm.ru;www.etm.ru;Россия;Russia;Ханты-Мансийский автономный округ;Khanty-Mansiysk region;Павлик Евгений Александрович;Пн.-Чт. 9.00-19.00, Пт. 9.00-18.00, Сб.10.00-17.00, Вс. - выходной
Сызрань;Syzran;"446000, г. Сызрань, ул. Декабристов, д. 38, ТЦ ""Океан""<br/>(8464) 91-64-10, 91-64-09";(8464) 91-64-10, 91-64-09;Syzran@tlt.etm.ru;www.etm.ru;Россия;Russia;Самарская область;Samara region;Васякин Сергей Николаевич;Пн.-Чт. 9.00-18.00, Пт. 9.00-17.00, Сб.-Вск. - выходные
Тамбов;Tambov;392016, г. Тамбов, бул. Строителей, д. 8<br/>(4752) 53-70-07, 53-70-00 ;(4752) 53-70-07, 53-70-00;tambov1@tambov.etm.ru;www.etm.ru;Россия;Russia;Тамбовская область;Tambov region;Неведрова Нина Александровна;Пн.-Чт. 9.00-18.00, Пт. 9.00-17.00, Сб. 9.00-15.00, Вс. - выходной
Тихорецк;Tikhoretsk;352120, г. Тихорецк, ул. Ленинградская, д. 148/97<br/>(86196) 7-26-92, 7-58-95;(86196) 7-26-92, 7-58-95;tihoretsk1@rnd.etm.ru;www.etm.ru;Россия;Russia;Краснодарский край;Krasnodar region;;Пн.-Чт. 8.30-17.30, Пт. 8.30-16.30, Сб.-Вс. - выходные
Тихорецк;Tikhoretsk;"Магазин «Электроматериалы»:
352120, г. Тихорецк, ул. Ленинградская, д. 148/97<br/>(86196) 7-26-92, 7-58-95; (86137) 6-36-21";"(86196) 7-26-92, 7-58-95; (86137) 6-36-21";tihoretsk2v@rnd.etm.ru;www.etm.ru;Россия;Russia;Краснодарский край;Krasnodar region;;Пн.-Пт. 8.30-17.30, Сб.-Вс. 8.30-15.30
Тобольск;Tobolsk;626150, г. Тобольск, 9 мкрн., д. 25, оф.307<br/>(3456) 34-38-38;(3456) 34-38-38;tobolsk1@eburg.etm.ru;www.etm.ru;Россия;Russia;Тюменская область;Tumen region;;Пн.-Чт. 9.00-18.00, Пт. 9.00-17.00, Сб.-Вс.- выходные
Тольятти;Tolyatti;445035, г. Тольятти, ул. Комсомольская, д. 86<br/>(8482) 20-62-12, 20-62-20 ;(8482) 20-62-12, 20-62-20;togliatti1@tlt.etm.ru;www.etm.ru;Россия;Russia;Самарская область;Samara region;Васякин Сергей Николаевич;Пн.-Чт. 9.00-18.00, Пт. 9.00-17.00, Сб. 09.00-15.00, Вс. - выходной
Томск;Tomsk;634009, г. Томск, ул. Нижне-Луговая, д. 4<br/>(3822) 900-657, 900-659;(3822) 900-657, 900-659;tomsk1@nsk.etm.ru ;www.etm.ru;Россия;Russia;Томская область;Tomsk region;Инкин Евгений Михайлович;Пн.-Чт. 9.00-18.00, Пт. 9.00-17.00, Сб. 10.00-17.00, Вс. - выходной
Тула;Tula;300036, г. Тула, ул. Ликбеза, д. 16<br/>(4872) 22-24-25, 22-24-26, 22-26-71;(4872) 22-24-25, 22-24-26, 22-26-71;tula1@tula.etm.ru;www.etm.ru;Россия;Russia;Тульская область;Tula region;Самодуров Николай Викторович;Пн.-Чт. 9.00-18.00, Пт. 9.00-17.00, Сб.-Вс. - выходные
Тюмень;Tyumen;625031, г. Тюмень, ул. Ветеранов Труда, д. 40, стр. 1<br/>(3452) 79-66-60 ;(3452) 79-66-60;tumen1@tumen.etm.ru;www.etm.ru;Россия;Russia;Тюменская область;Tumen region;Криворучко Владимир Викторович;Пн.-Чт. 9.00-18.00, Пт. 9.00-17.00, Сб. 10.00-17.00, Вс. - выходной
Ульяновск;Ulyanovsk;432045, г. Ульяновск, Московское ш., д. 32<br/>(8422) 61-23-23, 62-48-84 ,62-48-88 ;(8422) 61-23-23, 62-48-84 ,62-48-88;ulyanovsk1@ulyanovsk.etm.ru;www.etm.ru;Россия;Russia;Ульяновская область;Uljanovsk region;Сурминов Сергей Михайлович;Пн.-Чт. 9.00-18.00, Пт. 9.00-17.00, Сб. 09.00-15.00, Вс. - выходной
Уфа;Ufa;450038, г. Уфа, ул. Интернациональная, д. 133 лит. А<br/>(347) 291-24-74 ;(347) 291-24-74;ufa1@ufa.etm.ru;www.etm.ru;Россия;Russia;Башкортастан;Republic of Bashkortostan;Шарифуллин Эдуард Шамильевич;Пн.-Чт. 9.00-18.00, Пт. 9.00-17.00, Сб. 09.00-15.00, Вс. - выходной
Уфа;Ufa;450022, г. Уфа, ул. Губайдуллина, д. 2<br/>(347) 246-36-80, 246-36-81, 246-36-82 ;(347) 246-36-80, 246-36-81, 246-36-82;ufa2@ufa.etm.ru;www.etm.ru;Россия;Russia;Башкортастан;Republic of Bashkortostan;Савельев Николай Петрович;Пн.-Чт. 9.00-18.00, Пт. 9.00-17.00, Сб. 09.00-15.00, Вс. - выходной
Чебоксары;Cheboksary;428010, г. Чебоксары, пер. Ягодный, д. 4<br/>(8352) 35-15-15 ;(8352) 35-15-15;cheboksary1@chbk.etm.ru;www.etm.ru;Россия;Russia;Чувашская республика;Chuvash republic;Кочкин Сергей Александрович;Пн.-Чт. 9.00-18.00, Пт. 9.00-17.00, Сб. 09.00-15.00, Вс. - выходной
Челябинск;Chelyabinsk;454087, г. Челябинск, ул. Рылеева, д. 16 лит. А<br/>(351) 210-48-00;(351) 210-48-00;chel1@chel.etm.ru;www.etm.ru;Россия;Russia;Челябинская область;Chelyabinsk region;Зенкин Алексей Анатольевич;Пн.-Чт. 9.00-18.00, Пт. 9.00-17.00, Сб.10.00-17.00, Вс. - выходной
Челябинск;Chelyabinsk;454106, г. Челябинск, пр. Победы, д. 227<br/>(351) 210-10-77;(351) 210-10-77;chel2@chel.etm.ru;www.etm.ru;Россия;Russia;Челябинская область;Chelyabinsk region;РД Алимова Татьяна Николаевна;Пн.-Чт. 9.00-19.00, Пт. 9.00-18.00, Сб.10.00-17.00, Вс. - выходной
Челябинск;Chelyabinsk;"Магазин «Электроматериалы» :
454048, г. Челябинск, ул. Ильменская, д. 2<br/>(351) 237-35-00";(351) 237-35-00;chel1v@chel.etm.ru;www.etm.ru;Россия;Russia;Челябинская область;Chelyabinsk region;;Пн.-Чт. 9.00-18.00, Пт. 9.00-17.00, Сб.-Вс. - выходные
Челябинск;Chelyabinsk;"Магазин «Электроматериалы»
454081, г. Челябинск, ул. Артиллерийская, 1 лит. Б<br/>(351) 225-35-35";(351) 225-35-35;chel4v@chel.etm.ru;www.etm.ru;Россия;Russia;Челябинская область;Chelyabinsk region;;Пн.-Чт. 9.00-19.00, Пт. 9.00-18.00, Сб.10.00-17.00, Вс. - выходной
Череповец;Cherepovets;162600, г. Череповец, ул. Гоголя, д. 45<br/>(8202) 49-00-33, 49-00-39 ;(8202) 49-00-33, 49-00-39;Cherepovets@etm.ru;www.etm.ru;Россия;Russia;Вологодская область;Vologda region;Гаврилова Юлия Александровна;Пн.-Пт. 9-18, Сб. 9-16, Вс. - выходной
Шахты;Shakhty;"346500, г. Шахты, ул. Советская, д. 193<br/>(8636) 282-935, 282-970; (863) 201-66-85";"(8636) 282-935, 282-970; (863) 201-66-85";sht1@rnd.etm.ru;www.etm.ru;Россия;Russia;Ростовская область;Rostov region;Резниченко Максим Витальевич;Пн.-Чт. 8.30-17.30, Пт. 8.30-16.30, Сб.-Вс. - выходные
Шахты;Shakhty;"Магазин «Электроматериалы»:
346500, г. Шахты, пр. Чернокозова, д. 92<br/>(8636) 238-641, 238-639";(8636) 238-641, 238-639;sht2v@rnd.etm.ru;www.etm.ru;Россия;Russia;Ростовская область;Rostov region;;Пн.-Пт. 8.30-17.30, Сб.-Вс. 8.30-15.30
Энгельс;Engels;413110, г. Энгельс, пр. Строителей, д. 7А<br/>(8453) 79-27-17, 79-27-26;(8453) 79-27-17, 79-27-26;engels1@saratov.etm.ru;www.etm.ru;Россия;Russia;Саратовская область;Saratov region;Шварев Анатолий Сергеевич;Пн.-Чт. 9.00-18.00, Пт. 9.00-17.00, Сб.-Вск. - выходные
Ярославль;Yaroslavl;150044, г. Ярославль, пр. Октября, д. 89<br/>(4852) 55-15-15, 55-57-94, 55-31-84, 55-33-84, 55-86-93, 55-47-84, 55-99-78;(4852) 55-15-15, 55-57-94, 55-31-84, 55-33-84, 55-86-93, 55-47-84, 55-99-78;yaroslavl1@yaroslavl.etm.ru;www.etm.ru;Россия;Russia;Ярославская область;Yaroslavl region;Куликов Николай Николаевич;Пн.-Чт. 9.00-18.00, Пт. 9.00-17.00, Сб.-Вс. - выходные
;;;;;;;;;;;
;;;;;;;;;;;
;;;;;;;;;;;
;;;;;;;;;;;
;;;;;;;;;;;
;;;;;;;;;;;
;;;;;;;;;;;
;;;;;;;;;;;
;;;;;;;;;;;
;;;;;;;;;;;
;;;;;;;;;;;
;;;;;;;;;;;
;;;;;;;;;;;
;;;;;;;;;;;
;;;;;;;;;;;
;;;;;;;;;;;
;;;;;;;;;;;
;;;;;;;;;;;
;;;;;;;;;;;
;;;;;;;;;;;
;;;;;;;;;;;
;;;;;;;;;;;
;;;;;;;;;;;
;;;;;;;;;;;
;;;;;;;;;;;
;;;;;;;;;;;
;;;;;;;;;;;
;;;;;;;;;;;
;;;;;;;;;;;
;;;;;;;;;;;
;;;;;;;;;;;
;;;;;;;;;;;
;;;;;;;;;;;
;;;;;;;;;;;
;;;;;;;;;;;
;;;;;;;;;;;
;;;;;;;;;;;
;;;;;;;;;;;
;;;;;;;;;;;
;;;;;;;;;;;
;;;;;;;;;;;
;;;;;;;;;;;
;;;;;;;;;;;
;;;;;;;;;;;
;;;;;;;;;;;
;;;;;;;;;;;
;;;;;;;;;;;
;;;;;;;;;;;
;;;;;;;;;;;
;;;;;;;;;;;
;;;;;;;;;;;
;;;;;;;;;;;
;;;;;;;;;;;
;;;;;;;;;;;
;;;;;;;;;;;
;;;;;;;;;;;
;;;;;;;;;;;
;;;;;;;;;;;
;;;;;;;;;;;
;;;;;;;;;;;
;;;;;;;;;;;
;;;;;;;;;;;
;;;;;;;;;;;
;;;;;;;;;;;
;;;;;;;;;;;
;;;;;;;;;;;
;;;;;;;;;;;
;;;;;;;;;;;
;;;;;;;;;;;
;;;;;;;;;;;
;;;;;;;;;;;
;;;;;;;;;;;
;;;;;;;;;;;
;;;;;;;;;;;
;;;;;;;;;;;
;;;;;;;;;;;
;;;;;;;;;;;
;;;;;;;;;;;
;;;;;;;;;;;
;;;;;;;;;;;
;;;;;;;;;;;
;;;;;;;;;;;
;;;;;;;;;;;
;;;;;;;;;;;
;;;;;;;;;;;
;;;;;;;;;;;
;;;;;;;;;;;
;;;;;;;;;;;
;;;;;;;;;;;
;;;;;;;;;;;
;;;;;;;;;;;
;;;;;;;;;;;
;;;;;;;;;;;
;;;;;;;;;;;
;;;;;;;;;;;
;;;;;;;;;;;
;;;;;;;;;;;
;;;;;;;;;;;
;;;;;;;;;;;
;;;;;;;;;;;
;;;;;;;;;;;
;;;;;;;;;;;
;;;;;;;;;;;
;;;;;;;;;;;
;;;;;;;;;;;
;;;;;;;;;;;
;;;;;;;;;;;
;;;;;;;;;;;
;;;;;;;;;;;
;;;;;;;;;;;
;;;;;;;;;;;
;;;;;;;;;;;
;;;;;;;;;;;
;;;;;;;;;;;
;;;;;;;;;;;
;;;;;;;;;;;
;;;;;;;;;;;
;;;;;;;;;;;
;;;;;;;;;;;
;;;;;;;;;;;
;;;;;;;;;;;
;;;;;;;;;;;
;;;;;;;;;;;
;;;;;;;;;;;
;;;;;;;;;;;
;;;;;;;;;;;
;;;;;;;;;;;
;;;;;;;;;;;
;;;;;;;;;;;
;;;;;;;;;;;
;;;;;;;;;;;
;;;;;;;;;;;
;;;;;;;;;;;
;;;;;;;;;;;
;;;;;;;;;;;
;;;;;;;;;;;
;;;;;;;;;;;
;;;;;;;;;;;
;;;;;;;;;;;
;;;;;;;;;;;
;;;;;;;;;;;
;;;;;;;;;;;
;;;;;;;;;;;
;;;;;;;;;;;
;;;;;;;;;;;
;;;;;;;;;;;
;;;;;;;;;;;
;;;;;;;;;;;
;;;;;;;;;;;
;;;;;;;;;;;
;;;;;;;;;;;
;;;;;;;;;;;
;;;;;;;;;;;
;;;;;;;;;;;
;;;;;;;;;;;
;;;;;;;;;;;
;;;;;;;;;;;
;;;;;;;;;;;
;;;;;;;;;;;
;;;;;;;;;;;
;;;;;;;;;;;
;;;;;;;;;;;
;;;;;;;;;;;
;;;;;;;;;;;
;;;;;;;;;;;
;;;;;;;;;;;
;;;;;;;;;;;
;;;;;;;;;;;
;;;;;;;;;;;
;;;;;;;;;;;
;;;;;;;;;;;
;;;;;;;;;;;
;;;;;;;;;;;
;;;;;;;;;;;
;;;;;;;;;;;
;;;;;;;;;;;
;;;;;;;;;;;
;;;;;;;;;;;
;;;;;;;;;;;
;;;;;;;;;;;
;;;;;;;;;;;
;;;;;;;;;;;
;;;;;;;;;;;
;;;;;;;;;;;
;;;;;;;;;;;
;;;;;;;;;;;
;;;;;;;;;;;
;;;;;;;;;;;
;;;;;;;;;;;
;;;;;;;;;;;
;;;;;;;;;;;
;;;;;;;;;;;
;;;;;;;;;;;
;;;;;;;;;;;
;;;;;;;;;;;
;;;;;;;;;;;
;;;;;;;;;;;
;;;;;;;;;;;
;;;;;;;;;;;
;;;;;;;;;;;
;;;;;;;;;;;
;;;;;;;;;;;
;;;;;;;;;;;
;;;;;;;;;;;
;;;;;;;;;;;
;;;;;;;;;;;
;;;;;;;;;;;
;;;;;;;;;;;
;;;;;;;;;;;
;;;;;;;;;;;
;;;;;;;;;;;
;;;;;;;;;;;
;;;;;;;;;;;
;;;;;;;;;;;
;;;;;;;;;;;
;;;;;;;;;;;
;;;;;;;;;;;
;;;;;;;;;;;
;;;;;;;;;;;
;;;;;;;;;;;
;;;;;;;;;;;
;;;;;;;;;;;
;;;;;;;;;;;
;;;;;;;;;;;
;;;;;;;;;;;
;;;;;;;;;;;
;;;;;;;;;;;
;;;;;;;;;;;
;;;;;;;;;;;
;;;;;;;;;;;
;;;;;;;;;;;
;;;;;;;;;;;
;;;;;;;;;;;
;;;;;;;;;;;
;;;;;;;;;;;
;;;;;;;;;;;
;;;;;;;;;;;
;;;;;;;;;;;
;;;;;;;;;;;
;;;;;;;;;;;
;;;;;;;;;;;
;;;;;;;;;;;
;;;;;;;;;;;
;;;;;;;;;;;
;;;;;;;;;;;
;;;;;;;;;;;
;;;;;;;;;;;
;;;;;;;;;;;
;;;;;;;;;;;
;;;;;;;;;;;
;;;;;;;;;;;
;;;;;;;;;;;
;;;;;;;;;;;
;;;;;;;;;;;
;;;;;;;;;;;
;;;;;;;;;;;
;;;;;;;;;;;
;;;;;;;;;;;
;;;;;;;;;;;
;;;;;;;;;;;
;;;;;;;;;;;
;;;;;;;;;;;
;;;;;;;;;;;
;;;;;;;;;;;
;;;;;;;;;;;
;;;;;;;;;;;
;;;;;;;;;;;
;;;;;;;;;;;
;;;;;;;;;;;
;;;;;;;;;;;
;;;;;;;;;;;
;;;;;;;;;;;
;;;;;;;;;;;
;;;;;;;;;;;
;;;;;;;;;;;
;;;;;;;;;;;
;;;;;;;;;;;
;;;;;;;;;;;
;;;;;;;;;;;
;;;;;;;;;;;
;;;;;;;;;;;
;;;;;;;;;;;
;;;;;;;;;;;
;;;;;;;;;;;
;;;;;;;;;;;
;;;;;;;;;;;
;;;;;;;;;;;
;;;;;;;;;;;
;;;;;;;;;;;
;;;;;;;;;;;
;;;;;;;;;;;
;;;;;;;;;;;
;;;;;;;;;;;
;;;;;;;;;;;
;;;;;;;;;;;
;;;;;;;;;;;
;;;;;;;;;;;
;;;;;;;;;;;
;;;;;;;;;;;
;;;;;;;;;;;
;;;;;;;;;;;
;;;;;;;;;;;
;;;;;;;;;;;
;;;;;;;;;;;
;;;;;;;;;;;
;;;;;;;;;;;
;;;;;;;;;;;
;;;;;;;;;;;
;;;;;;;;;;;
;;;;;;;;;;;
;;;;;;;;;;;
;;;;;;;;;;;
;;;;;;;;;;;
;;;;;;;;;;;
;;;;;;;;;;;
;;;;;;;;;;;
;;;;;;;;;;;
;;;;;;;;;;;
;;;;;;;;;;;
;;;;;;;;;;;
;;;;;;;;;;;
;;;;;;;;;;;
;;;;;;;;;;;
;;;;;;;;;;;
;;;;;;;;;;;
;;;;;;;;;;;
;;;;;;;;;;;
;;;;;;;;;;;
;;;;;;;;;;;
;;;;;;;;;;;
;;;;;;;;;;;
;;;;;;;;;;;
;;;;;;;;;;;
;;;;;;;;;;;
;;;;;;;;;;;
;;;;;;;;;;;
;;;;;;;;;;;
;;;;;;;;;;;
;;;;;;;;;;;
;;;;;;;;;;;
;;;;;;;;;;;
;;;;;;;;;;;
;;;;;;;;;;;
;;;;;;;;;;;
;;;;;;;;;;;
;;;;;;;;;;;
;;;;;;;;;;;
;;;;;;;;;;;
;;;;;;;;;;;
;;;;;;;;;;;
;;;;;;;;;;;
;;;;;;;;;;;
;;;;;;;;;;;
;;;;;;;;;;;
;;;;;;;;;;;
;;;;;;;;;;;
;;;;;;;;;;;
;;;;;;;;;;;
;;;;;;;;;;;
;;;;;;;;;;;
;;;;;;;;;;;
;;;;;;;;;;;
;;;;;;;;;;;
;;;;;;;;;;;
;;;;;;;;;;;
;;;;;;;;;;;
;;;;;;;;;;;
;;;;;;;;;;;
;;;;;;;;;;;
;;;;;;;;;;;
;;;;;;;;;;;
;;;;;;;;;;;
;;;;;;;;;;;
;;;;;;;;;;;
;;;;;;;;;;;
;;;;;;;;;;;
;;;;;;;;;;;
;;;;;;;;;;;
;;;;;;;;;;;
;;;;;;;;;;;
;;;;;;;;;;;
;;;;;;;;;;;
;;;;;;;;;;;
;;;;;;;;;;;
;;;;;;;;;;;
;;;;;;;;;;;
;;;;;;;;;;;
;;;;;;;;;;;
;;;;;;;;;;;
;;;;;;;;;;;
;;;;;;;;;;;
;;;;;;;;;;;
;;;;;;;;;;;
;;;;;;;;;;;
;;;;;;;;;;;
;;;;;;;;;;;
;;;;;;;;;;;
;;;;;;;;;;;
;;;;;;;;;;;
;;;;;;;;;;;
;;;;;;;;;;;
;;;;;;;;;;;
;;;;;;;;;;;
;;;;;;;;;;;
;;;;;;;;;;;
;;;;;;;;;;;
;;;;;;;;;;;
;;;;;;;;;;;
;;;;;;;;;;;
;;;;;;;;;;;
;;;;;;;;;;;
;;;;;;;;;;;
;;;;;;;;;;;
;;;;;;;;;;;
;;;;;;;;;;;
;;;;;;;;;;;
;;;;;;;;;;;
;;;;;;;;;;;
;;;;;;;;;;;
;;;;;;;;;;;
;;;;;;;;;;;
;;;;;;;;;;;
;;;;;;;;;;;
;;;;;;;;;;;
;;;;;;;;;;;
;;;;;;;;;;;
;;;;;;;;;;;
;;;;;;;;;;;
;;;;;;;;;;;
;;;;;;;;;;;
;;;;;;;;;;;
;;;;;;;;;;;
;;;;;;;;;;;
;;;;;;;;;;;
;;;;;;;;;;;
;;;;;;;;;;;
;;;;;;;;;;;
;;;;;;;;;;;
;;;;;;;;;;;
;;;;;;;;;;;
;;;;;;;;;;;
;;;;;;;;;;;
;;;;;;;;;;;
;;;;;;;;;;;
;;;;;;;;;;;
;;;;;;;;;;;
;;;;;;;;;;;
;;;;;;;;;;;
;;;;;;;;;;;
;;;;;;;;;;;
;;;;;;;;;;;
;;;;;;;;;;;
;;;;;;;;;;;
;;;;;;;;;;;
;;;;;;;;;;;
;;;;;;;;;;;
;;;;;;;;;;;
;;;;;;;;;;;
;;;;;;;;;;;
;;;;;;;;;;;
;;;;;;;;;;;
;;;;;;;;;;;
;;;;;;;;;;;
;;;;;;;;;;;
;;;;;;;;;;;
;;;;;;;;;;;
;;;;;;;;;;;
;;;;;;;;;;;
;;;;;;;;;;;
;;;;;;;;;;;
;;;;;;;;;;;
;;;;;;;;;;;
;;;;;;;;;;;
;;;;;;;;;;;
;;;;;;;;;;;
;;;;;;;;;;;
;;;;;;;;;;;
;;;;;;;;;;;
;;;;;;;;;;;
;;;;;;;;;;;
;;;;;;;;;;;
;;;;;;;;;;;
;;;;;;;;;;;
;;;;;;;;;;;
;;;;;;;;;;;
;;;;;;;;;;;
;;;;;;;;;;;
;;;;;;;;;;;
;;;;;;;;;;;
;;;;;;;;;;;
;;;;;;;;;;;
;;;;;;;;;;;
;;;;;;;;;;;
;;;;;;;;;;;
;;;;;;;;;;;
;;;;;;;;;;;
;;;;;;;;;;;
;;;;;;;;;;;
;;;;;;;;;;;
;;;;;;;;;;;
;;;;;;;;;;;
;;;;;;;;;;;
;;;;;;;;;;;
;;;;;;;;;;;
;;;;;;;;;;;
;;;;;;;;;;;
;;;;;;;;;;;
;;;;;;;;;;;
;;;;;;;;;;;
;;;;;;;;;;;
;;;;;;;;;;;
;;;;;;;;;;;
;;;;;;;;;;;
;;;;;;;;;;;
;;;;;;;;;;;
;;;;;;;;;;;
;;;;;;;;;;;
;;;;;;;;;;;
;;;;;;;;;;;
;;;;;;;;;;;
;;;;;;;;;;;
;;;;;;;;;;;
;;;;;;;;;;;
;;;;;;;;;;;
;;;;;;;;;;;
;;;;;;;;;;;
;;;;;;;;;;;
;;;;;;;;;;;
;;;;;;;;;;;
;;;;;;;;;;;
;;;;;;;;;;;
;;;;;;;;;;;
;;;;;;;;;;;
;;;;;;;;;;;
;;;;;;;;;;;
;;;;;;;;;;;
;;;;;;;;;;;
;;;;;;;;;;;
;;;;;;;;;;;
;;;;;;;;;;;
;;;;;;;;;;;
;;;;;;;;;;;
;;;;;;;;;;;
;;;;;;;;;;;
;;;;;;;;;;;
;;;;;;;;;;;
;;;;;;;;;;;
;;;;;;;;;;;
;;;;;;;;;;;
;;;;;;;;;;;
;;;;;;;;;;;
;;;;;;;;;;;
;;;;;;;;;;;
;;;;;;;;;;;
;;;;;;;;;;;
;;;;;;;;;;;
;;;;;;;;;;;
;;;;;;;;;;;
;;;;;;;;;;;
;;;;;;;;;;;
;;;;;;;;;;;
;;;;;;;;;;;
;;;;;;;;;;;
;;;;;;;;;;;
;;;;;;;;;;;
;;;;;;;;;;;
;;;;;;;;;;;
;;;;;;;;;;;
;;;;;;;;;;;
;;;;;;;;;;;
;;;;;;;;;;;
;;;;;;;;;;;
;;;;;;;;;;;
;;;;;;;;;;;
;;;;;;;;;;;
;;;;;;;;;;;
;;;;;;;;;;;
;;;;;;;;;;;
;;;;;;;;;;;
;;;;;;;;;;;
;;;;;;;;;;;
;;;;;;;;;;;
;;;;;;;;;;;
;;;;;;;;;;;
;;;;;;;;;;;
;;;;;;;;;;;
;;;;;;;;;;;
;;;;;;;;;;;
;;;;;;;;;;;
;;;;;;;;;;;
;;;;;;;;;;;
;;;;;;;;;;;
;;;;;;;;;;;
;;;;;;;;;;;
;;;;;;;;;;;
;;;;;;;;;;;
;;;;;;;;;;;
;;;;;;;;;;;
;;;;;;;;;;;
;;;;;;;;;;;
;;;;;;;;;;;
;;;;;;;;;;;
;;;;;;;;;;;
;;;;;;;;;;;
;;;;;;;;;;;
;;;;;;;;;;;
;;;;;;;;;;;
;;;;;;;;;;;
;;;;;;;;;;;
;;;;;;;;;;;
;;;;;;;;;;;
;;;;;;;;;;;
;;;;;;;;;;;
;;;;;;;;;;;
;;;;;;;;;;;
;;;;;;;;;;;
;;;;;;;;;;;
;;;;;;;;;;;
;;;;;;;;;;;
;;;;;;;;;;;
;;;;;;;;;;;
;;;;;;;;;;;
;;;;;;;;;;;
;;;;;;;;;;;
;;;;;;;;;;;
;;;;;;;;;;;
;;;;;;;;;;;
;;;;;;;;;;;
;;;;;;;;;;;
;;;;;;;;;;;
;;;;;;;;;;;
;;;;;;;;;;;
;;;;;;;;;;;
;;;;;;;;;;;
;;;;;;;;;;;
;;;;;;;;;;;
;;;;;;;;;;;
;;;;;;;;;;;
;;;;;;;;;;;
;;;;;;;;;;;
;;;;;;;;;;;
;;;;;;;;;;;
;;;;;;;;;;;
;;;;;;;;;;;
;;;;;;;;;;;
;;;;;;;;;;;
;;;;;;;;;;;
;;;;;;;;;;;
;;;;;;;;;;;
;;;;;;;;;;;
;;;;;;;;;;;
;;;;;;;;;;;
;;;;;;;;;;;
;;;;;;;;;;;
;;;;;;;;;;;
;;;;;;;;;;;
;;;;;;;;;;;
;;;;;;;;;;;
;;;;;;;;;;;
;;;;;;;;;;;
;;;;;;;;;;;
;;;;;;;;;;;
;;;;;;;;;;;
;;;;;;;;;;;
;;;;;;;;;;;
;;;;;;;;;;;
;;;;;;;;;;;
;;;;;;;;;;;
;;;;;;;;;;;
;;;;;;;;;;;
;;;;;;;;;;;
;;;;;;;;;;;
;;;;;;;;;;;
;;;;;;;;;;;
;;;;;;;;;;;
;;;;;;;;;;;
;;;;;;;;;;;
;;;;;;;;;;;
;;;;;;;;;;;
;;;;;;;;;;;
;;;;;;;;;;;
;;;;;;;;;;;
;;;;;;;;;;;
;;;;;;;;;;;
;;;;;;;;;;;
;;;;;;;;;;;
;;;;;;;;;;;
;;;;;;;;;;;
;;;;;;;;;;;
;;;;;;;;;;;
;;;;;;;;;;;
;;;;;;;;;;;
;;;;;;;;;;;
;;;;;;;;;;;
;;;;;;;;;;;
;;;;;;;;;;;
;;;;;;;;;;;
;;;;;;;;;;;
;;;;;;;;;;;
;;;;;;;;;;;
;;;;;;;;;;;
;;;;;;;;;;;
;;;;;;;;;;;
;;;;;;;;;;;
;;;;;;;;;;;
;;;;;;;;;;;
;;;;;;;;;;;
;;;;;;;;;;;
;;;;;;;;;;;
;;;;;;;;;;;
;;;;;;;;;;;
;;;;;;;;;;;
;;;;;;;;;;;
;;;;;;;;;;;
;;;;;;;;;;;
;;;;;;;;;;;
;;;;;;;;;;;
;;;;;;;;;;;
;;;;;;;;;;;
;;;;;;;;;;;
;;;;;;;;;;;
;;;;;;;;;;;
;;;;;;;;;;;
;;;;;;;;;;;
;;;;;;;;;;;
;;;;;;;;;;;
;;;;;;;;;;;
;;;;;;;;;;;
;;;;;;;;;;;
;;;;;;;;;;;
;;;;;;;;;;;
;;;;;;;;;;;
;;;;;;;;;;;
;;;;;;;;;;;
;;;;;;;;;;;
;;;;;;;;;;;
;;;;;;;;;;;
;;;;;;;;;;;
;;;;;;;;;;;
;;;;;;;;;;;
;;;;;;;;;;;
;;;;;;;;;;;
;;;;;;;;;;;
;;;;;;;;;;;
;;;;;;;;;;;
;;;;;;;;;;;
;;;;;;;;;;;
;;;;;;;;;;;
;;;;;;;;;;;
;;;;;;;;;;;
;;;;;;;;;;;
;;;;;;;;;;;
;;;;;;;;;;;
;;;;;;;;;;;
;;;;;;;;;;;
;;;;;;;;;;;
;;;;;;;;;;;
;;;;;;;;;;;
;;;;;;;;;;;
;;;;;;;;;;;
;;;;;;;;;;;
;;;;;;;;;;;
;;;;;;;;;;;
;;;;;;;;;;;
;;;;;;;;;;;
;;;;;;;;;;;
;;;;;;;;;;;
;;;;;;;;;;;
;;;;;;;;;;;
;;;;;;;;;;;
;;;;;;;;;;;
;;;;;;;;;;;
;;;;;;;;;;;
;;;;;;;;;;;
;;;;;;;;;;;
;;;;;;;;;;;
;;;;;;;;;;;
;;;;;;;;;;;
;;;;;;;;;;;
;;;;;;;;;;;
;;;;;;;;;;;
;;;;;;;;;;;
;;;;;;;;;;;
;;;;;;;;;;;
;;;;;;;;;;;
;;;;;;;;;;;
;;;;;;;;;;;
;;;;;;;;;;;
;;;;;;;;;;;
;;;;;;;;;;;
;;;;;;;;;;;
;;;;;;;;;;;
;;;;;;;;;;;
;;;;;;;;;;;
;;;;;;;;;;;
;;;;;;;;;;;
;;;;;;;;;;;
;;;;;;;;;;;
;;;;;;;;;;;
;;;;;;;;;;;
;;;;;;;;;;;
;;;;;;;;;;;
;;;;;;;;;;;
;;;;;;;;;;;
;;;;;;;;;;;
;;;;;;;;;;;
;;;;;;;;;;;
;;;;;;;;;;;
;;;;;;;;;;;
;;;;;;;;;;;
;;;;;;;;;;;
;;;;;;;;;;;
;;;;;;;;;;;
;;;;;;;;;;;
;;;;;;;;;;;
;;;;;;;;;;;
;;;;;;;;;;;
;;;;;;;;;;;
;;;;;;;;;;;
;;;;;;;;;;;
;;;;;;;;;;;
;;;;;;;;;;;
;;;;;;;;;;;
;;;;;;;;;;;
;;;;;;;;;;;
;;;;;;;;;;;
;;;;;;;;;;;
;;;;;;;;;;;
;;;;;;;;;;;
;;;;;;;;;;;
;;;;;;;;;;;
;;;;;;;;;;;
;;;;;;;;;;;
;;;;;;;;;;;
;;;;;;;;;;;
;;;;;;;;;;;
;;;;;;;;;;;
;;;;;;;;;;;
;;;;;;;;;;;
;;;;;;;;;;;
;;;;;;;;;;;
;;;;;;;;;;;
;;;;;;;;;;;
;;;;;;;;;;;
;;;;;;;;;;;
;;;;;;;;;;;
;;;;;;;;;;;
;;;;;;;;;;;
;;;;;;;;;;;
;;;;;;;;;;;
;;;;;;;;;;;
;;;;;;;;;;;
;;;;;;;;;;;
;;;;;;;;;;;
;;;;;;;;;;;
;;;;;;;;;;;
;;;;;;;;;;;
;;;;;;;;;;;
;;;;;;;;;;;
;;;;;;;;;;;
;;;;;;;;;;;
;;;;;;;;;;;
;;;;;;;;;;;
;;;;;;;;;;;
;;;;;;;;;;;
;;;;;;;;;;;
;;;;;;;;;;;
;;;;;;;;;;;
;;;;;;;;;;;
;;;;;;;;;;;
;;;;;;;;;;;
;;;;;;;;;;;
;;;;;;;;;;;
;;;;;;;;;;;
;;;;;;;;;;;
;;;;;;;;;;;
;;;;;;;;;;;
;;;;;;;;;;;
;;;;;;;;;;;
;;;;;;;;;;;
;;;;;;;;;;;
;;;;;;;;;;;
;;;;;;;;;;;
;;;;;;;;;;;
;;;;;;;;;;;
;;;;;;;;;;;
;;;;;;;;;;;
;;;;;;;;;;;
;;;;;;;;;;;
;;;;;;;;;;;
;;;;;;;;;;;
;;;;;;;;;;;
;;;;;;;;;;;
;;;;;;;;;;;
;;;;;;;;;;;
;;;;;;;;;;;
;;;;;;;;;;;
;;;;;;;;;;;
;;;;;;;;;;;
;;;;;;;;;;;
;;;;;;;;;;;
;;;;;;;;;;;
;;;;;;;;;;;
;;;;;;;;;;;
;;;;;;;;;;;
;;;;;;;;;;;
;;;;;;;;;;;
;;;;;;;;;;;
;;;;;;;;;;;
;;;;;;;;;;;
;;;;;;;;;;;
;;;;;;;;;;;
;;;;;;;;;;;
;;;;;;;;;;;
;;;;;;;;;;;
;;;;;;;;;;;
;;;;;;;;;;;
;;;;;;;;;;;
;;;;;;;;;;;
;;;;;;;;;;;
;;;;;;;;;;;
;;;;;;;;;;;
;;;;;;;;;;;
;;;;;;;;;;;
;;;;;;;;;;;
;;;;;;;;;;;
;;;;;;;;;;;
;;;;;;;;;;;
;;;;;;;;;;;
;;;;;;;;;;;
;;;;;;;;;;;
;;;;;;;;;;;
;;;;;;;;;;;
;;;;;;;;;;;
;;;;;;;;;;;
;;;;;;;;;;;
;;;;;;;;;;;
;;;;;;;;;;;
;;;;;;;;;;;
;;;;;;;;;;;
;;;;;;;;;;;
;;;;;;;;;;;
;;;;;;;;;;;
;;;;;;;;;;;
;;;;;;;;;;;
;;;;;;;;;;;
;;;;;;;;;;;
;;;;;;;;;;;
;;;;;;;;;;;
;;;;;;;;;;;
;;;;;;;;;;;
;;;;;;;;;;;
;;;;;;;;;;;
;;;;;;;;;;;
;;;;;;;;;;;
;;;;;;;;;;;
;;;;;;;;;;;
;;;;;;;;;;;
;;;;;;;;;;;
;;;;;;;;;;;
;;;;;;;;;;;
;;;;;;;;;;;
;;;;;;;;;;;
;;;;;;;;;;;
;;;;;;;;;;;
;;;;;;;;;;;
;;;;;;;;;;;
;;;;;;;;;;;
;;;;;;;;;;;
;;;;;;;;;;;
;;;;;;;;;;;
;;;;;;;;;;;
;;;;;;;;;;;
;;;;;;;;;;;
;;;;;;;;;;;
;;;;;;;;;;;
;;;;;;;;;;;
;;;;;;;;;;;
;;;;;;;;;;;
;;;;;;;;;;;
;;;;;;;;;;;
;;;;;;;;;;;
;;;;;;;;;;;
;;;;;;;;;;;
;;;;;;;;;;;
;;;;;;;;;;;
;;;;;;;;;;;
;;;;;;;;;;;
;;;;;;;;;;;
;;;;;;;;;;;
;;;;;;;;;;;
;;;;;;;;;;;
;;;;;;;;;;;
;;;;;;;;;;;
;;;;;;;;;;;
;;;;;;;;;;;
;;;;;;;;;;;
;;;;;;;;;;;
;;;;;;;;;;;
;;;;;;;;;;;
;;;;;;;;;;;
;;;;;;;;;;;
;;;;;;;;;;;
;;;;;;;;;;;
;;;;;;;;;;;
;;;;;;;;;;;
;;;;;;;;;;;
;;;;;;;;;;;
;;;;;;;;;;;
;;;;;;;;;;;
;;;;;;;;;;;
;;;;;;;;;;;
;;;;;;;;;;;
;;;;;;;;;;;
;;;;;;;;;;;
;;;;;;;;;;;
;;;;;;;;;;;
;;;;;;;;;;;
;;;;;;;;;;;
;;;;;;;;;;;
;;;;;;;;;;;
;;;;;;;;;;;
;;;;;;;;;;;
;;;;;;;;;;;
;;;;;;;;;;;
;;;;;;;;;;;
;;;;;;;;;;;
;;;;;;;;;;;
;;;;;;;;;;;
;;;;;;;;;;;
;;;;;;;;;;;
;;;;;;;;;;;
;;;;;;;;;;;
;;;;;;;;;;;
;;;;;;;;;;;
;;;;;;;;;;;
;;;;;;;;;;;
;;;;;;;;;;;
;;;;;;;;;;;
;;;;;;;;;;;
;;;;;;;;;;;
;;;;;;;;;;;
;;;;;;;;;;;
;;;;;;;;;;;
;;;;;;;;;;;
;;;;;;;;;;;
;;;;;;;;;;;
;;;;;;;;;;;
;;;;;;;;;;;
;;;;;;;;;;;
;;;;;;;;;;;
;;;;;;;;;;;
;;;;;;;;;;;
;;;;;;;;;;;
;;;;;;;;;;;
;;;;;;;;;;;
;;;;;;;;;;;
;;;;;;;;;;;
;;;;;;;;;;;
;;;;;;;;;;;
;;;;;;;;;;;
;;;;;;;;;;;
;;;;;;;;;;;
;;;;;;;;;;;
;;;;;;;;;;;
;;;;;;;;;;;
;;;;;;;;;;;
;;;;;;;;;;;
;;;;;;;;;;;
;;;;;;;;;;;
;;;;;;;;;;;
;;;;;;;;;;;
;;;;;;;;;;;
;;;;;;;;;;;
;;;;;;;;;;;
;;;;;;;;;;;
;;;;;;;;;;;
;;;;;;;;;;;
;;;;;;;;;;;
;;;;;;;;;;;
;;;;;;;;;;;
;;;;;;;;;;;
;;;;;;;;;;;
;;;;;;;;;;;
;;;;;;;;;;;
;;;;;;;;;;;
;;;;;;;;;;;
;;;;;;;;;;;
;;;;;;;;;;;
;;;;;;;;;;;
;;;;;;;;;;;
;;;;;;;;;;;
;;;;;;;;;;;
;;;;;;;;;;;
;;;;;;;;;;;
;;;;;;;;;;;
;;;;;;;;;;;
;;;;;;;;;;;
;;;;;;;;;;;
;;;;;;;;;;;
;;;;;;;;;;;
;;;;;;;;;;;
;;;;;;;;;;;
;;;;;;;;;;;
;;;;;;;;;;;
;;;;;;;;;;;
;;;;;;;;;;;
;;;;;;;;;;;
;;;;;;;;;;;
;;;;;;;;;;;
;;;;;;;;;;;
;;;;;;;;;;;
;;;;;;;;;;;
;;;;;;;;;;;
;;;;;;;;;;;
;;;;;;;;;;;
;;;;;;;;;;;
;;;;;;;;;;;
;;;;;;;;;;;
;;;;;;;;;;;
;;;;;;;;;;;
;;;;;;;;;;;
;;;;;;;;;;;
;;;;;;;;;;;
;;;;;;;;;;;
;;;;;;;;;;;
;;;;;;;;;;;
;;;;;;;;;;;
;;;;;;;;;;;
;;;;;;;;;;;
;;;;;;;;;;;
;;;;;;;;;;;
;;;;;;;;;;;
;;;;;;;;;;;
;;;;;;;;;;;
;;;;;;;;;;;
;;;;;;;;;;;
;;;;;;;;;;;
;;;;;;;;;;;
;;;;;;;;;;;
;;;;;;;;;;;
;;;;;;;;;;;
;;;;;;;;;;;
;;;;;;;;;;;
;;;;;;;;;;;
;;;;;;;;;;;
;;;;;;;;;;;
;;;;;;;;;;;
;;;;;;;;;;;
;;;;;;;;;;;
;;;;;;;;;;;
;;;;;;;;;;;
;;;;;;;;;;;
;;;;;;;;;;;
;;;;;;;;;;;
;;;;;;;;;;;
;;;;;;;;;;;
;;;;;;;;;;;
;;;;;;;;;;;
;;;;;;;;;;;
;;;;;;;;;;;
;;;;;;;;;;;
;;;;;;;;;;;
;;;;;;;;;;;
;;;;;;;;;;;
;;;;;;;;;;;
;;;;;;;;;;;
;;;;;;;;;;;
;;;;;;;;;;;
;;;;;;;;;;;
;;;;;;;;;;;
;;;;;;;;;;;
;;;;;;;;;;;
;;;;;;;;;;;
;;;;;;;;;;;
;;;;;;;;;;;
;;;;;;;;;;;
;;;;;;;;;;;
;;;;;;;;;;;
;;;;;;;;;;;
;;;;;;;;;;;
;;;;;;;;;;;
;;;;;;;;;;;
;;;;;;;;;;;
;;;;;;;;;;;
;;;;;;;;;;;
;;;;;;;;;;;
;;;;;;;;;;;
;;;;;;;;;;;
;;;;;;;;;;;
;;;;;;;;;;;
;;;;;;;;;;;
;;;;;;;;;;;
;;;;;;;;;;;
;;;;;;;;;;;
;;;;;;;;;;;
;;;;;;;;;;;
;;;;;;;;;;;
;;;;;;;;;;;
;;;;;;;;;;;
;;;;;;;;;;;
;;;;;;;;;;;
;;;;;;;;;;;
;;;;;;;;;;;
;;;;;;;;;;;
;;;;;;;;;;;
;;;;;;;;;;;
;;;;;;;;;;;
;;;;;;;;;;;
;;;;;;;;;;;
;;;;;;;;;;;
;;;;;;;;;;;
;;;;;;;;;;;
;;;;;;;;;;;
;;;;;;;;;;;
;;;;;;;;;;;
;;;;;;;;;;;
;;;;;;;;;;;
;;;;;;;;;;;
;;;;;;;;;;;
;;;;;;;;;;;
;;;;;;;;;;;
;;;;;;;;;;;
;;;;;;;;;;;
;;;;;;;;;;;
;;;;;;;;;;;
;;;;;;;;;;;
;;;;;;;;;;;
;;;;;;;;;;;
;;;;;;;;;;;
;;;;;;;;;;;
;;;;;;;;;;;
;;;;;;;;;;;
;;;;;;;;;;;
;;;;;;;;;;;
;;;;;;;;;;;
;;;;;;;;;;;
;;;;;;;;;;;
;;;;;;;;;;;
;;;;;;;;;;;
;;;;;;;;;;;
;;;;;;;;;;;
;;;;;;;;;;;
;;;;;;;;;;;
;;;;;;;;;;;
;;;;;;;;;;;
;;;;;;;;;;;
;;;;;;;;;;;
;;;;;;;;;;;
;;;;;;;;;;;
;;;;;;;;;;;
;;;;;;;;;;;
;;;;;;;;;;;
;;;;;;;;;;;
;;;;;;;;;;;
;;;;;;;;;;;
;;;;;;;;;;;
;;;;;;;;;;;
;;;;;;;;;;;
;;;;;;;;;;;
;;;;;;;;;;;
;;;;;;;;;;;
;;;;;;;;;;;
;;;;;;;;;;;
;;;;;;;;;;;
;;;;;;;;;;;
;;;;;;;;;;;
;;;;;;;;;;;
;;;;;;;;;;;
;;;;;;;;;;;
;;;;;;;;;;;
;;;;;;;;;;;
;;;;;;;;;;;
;;;;;;;;;;;
;;;;;;;;;;;
;;;;;;;;;;;
;;;;;;;;;;;
;;;;;;;;;;;
;;;;;;;;;;;
;;;;;;;;;;;
;;;;;;;;;;;
;;;;;;;;;;;
;;;;;;;;;;;
;;;;;;;;;;;
;;;;;;;;;;;
;;;;;;;;;;;
;;;;;;;;;;;
;;;;;;;;;;;
;;;;;;;;;;;
;;;;;;;;;;;
;;;;;;;;;;;
;;;;;;;;;;;
;;;;;;;;;;;
;;;;;;;;;;;
;;;;;;;;;;;
;;;;;;;;;;;
;;;;;;;;;;;
;;;;;;;;;;;
;;;;;;;;;;;
;;;;;;;;;;;
;;;;;;;;;;;
;;;;;;;;;;;
;;;;;;;;;;;
;;;;;;;;;;;
;;;;;;;;;;;
;;;;;;;;;;;
;;;;;;;;;;;
;;;;;;;;;;;
;;;;;;;;;;;
;;;;;;;;;;;
;;;;;;;;;;;
;;;;;;;;;;;
;;;;;;;;;;;
;;;;;;;;;;;
;;;;;;;;;;;
;;;;;;;;;;;
;;;;;;;;;;;
;;;;;;;;;;;
;;;;;;;;;;;
;;;;;;;;;;;
;;;;;;;;;;;
;;;;;;;;;;;
;;;;;;;;;;;
;;;;;;;;;;;
;;;;;;;;;;;
;;;;;;;;;;;
;;;;;;;;;;;
;;;;;;;;;;;
;;;;;;;;;;;
;;;;;;;;;;;
;;;;;;;;;;;
;;;;;;;;;;;
;;;;;;;;;;;
;;;;;;;;;;;
;;;;;;;;;;;
;;;;;;;;;;;
;;;;;;;;;;;
;;;;;;;;;;;
;;;;;;;;;;;
;;;;;;;;;;;
;;;;;;;;;;;
;;;;;;;;;;;
;;;;;;;;;;;
;;;;;;;;;;;
;;;;;;;;;;;
;;;;;;;;;;;
;;;;;;;;;;;
;;;;;;;;;;;
;;;;;;;;;;;
;;;;;;;;;;;
;;;;;;;;;;;
;;;;;;;;;;;
;;;;;;;;;;;
;;;;;;;;;;;
;;;;;;;;;;;
;;;;;;;;;;;
;;;;;;;;;;;
;;;;;;;;;;;
;;;;;;;;;;;
;;;;;;;;;;;
;;;;;;;;;;;
;;;;;;;;;;;
;;;;;;;;;;;
;;;;;;;;;;;
;;;;;;;;;;;
;;;;;;;;;;;
;;;;;;;;;;;
;;;;;;;;;;;
;;;;;;;;;;;
;;;;;;;;;;;
;;;;;;;;;;;
;;;;;;;;;;;
;;;;;;;;;;;
;;;;;;;;;;;
;;;;;;;;;;;
;;;;;;;;;;;
;;;;;;;;;;;
;;;;;;;;;;;
;;;;;;;;;;;
;;;;;;;;;;;
;;;;;;;;;;;
;;;;;;;;;;;
;;;;;;;;;;;
;;;;;;;;;;;
;;;;;;;;;;;
;;;;;;;;;;;
;;;;;;;;;;;
;;;;;;;;;;;
;;;;;;;;;;;
;;;;;;;;;;;
;;;;;;;;;;;
;;;;;;;;;;;
;;;;;;;;;;;
;;;;;;;;;;;
;;;;;;;;;;;
;;;;;;;;;;;
;;;;;;;;;;;
;;;;;;;;;;;
;;;;;;;;;;;
;;;;;;;;;;;
;;;;;;;;;;;
;;;;;;;;;;;
;;;;;;;;;;;
;;;;;;;;;;;
;;;;;;;;;;;
;;;;;;;;;;;
;;;;;;;;;;;
;;;;;;;;;;;
;;;;;;;;;;;
;;;;;;;;;;;
;;;;;;;;;;;
;;;;;;;;;;;
;;;;;;;;;;;
;;;;;;;;;;;
;;;;;;;;;;;
;;;;;;;;;;;
;;;;;;;;;;;
;;;;;;;;;;;
;;;;;;;;;;;
;;;;;;;;;;;
;;;;;;;;;;;
;;;;;;;;;;;
;;;;;;;;;;;
;;;;;;;;;;;
;;;;;;;;;;;
;;;;;;;;;;;
;;;;;;;;;;;
;;;;;;;;;;;
;;;;;;;;;;;
;;;;;;;;;;;
;;;;;;;;;;;
;;;;;;;;;;;
;;;;;;;;;;;
;;;;;;;;;;;
;;;;;;;;;;;
;;;;;;;;;;;
;;;;;;;;;;;
;;;;;;;;;;;
;;;;;;;;;;;
;;;;;;;;;;;
;;;;;;;;;;;
;;;;;;;;;;;
;;;;;;;;;;;
;;;;;;;;;;;
;;;;;;;;;;;
;;;;;;;;;;;
;;;;;;;;;;;
;;;;;;;;;;;
;;;;;;;;;;;
;;;;;;;;;;;
;;;;;;;;;;;
;;;;;;;;;;;
;;;;;;;;;;;
;;;;;;;;;;;
;;;;;;;;;;;
;;;;;;;;;;;
;;;;;;;;;;;
;;;;;;;;;;;
;;;;;;;;;;;
;;;;;;;;;;;
;;;;;;;;;;;
;;;;;;;;;;;
;;;;;;;;;;;
;;;;;;;;;;;
;;;;;;;;;;;
;;;;;;;;;;;
;;;;;;;;;;;
;;;;;;;;;;;
;;;;;;;;;;;
;;;;;;;;;;;
;;;;;;;;;;;
;;;;;;;;;;;
;;;;;;;;;;;
;;;;;;;;;;;
;;;;;;;;;;;
;;;;;;;;;;;
;;;;;;;;;;;
;;;;;;;;;;;
;;;;;;;;;;;
;;;;;;;;;;;
;;;;;;;;;;;
;;;;;;;;;;;
;;;;;;;;;;;
;;;;;;;;;;;
;;;;;;;;;;;
;;;;;;;;;;;
;;;;;;;;;;;
;;;;;;;;;;;
;;;;;;;;;;;
;;;;;;;;;;;
;;;;;;;;;;;
;;;;;;;;;;;
;;;;;;;;;;;
;;;;;;;;;;;
;;;;;;;;;;;
;;;;;;;;;;;
;;;;;;;;;;;
;;;;;;;;;;;
;;;;;;;;;;;
;;;;;;;;;;;
;;;;;;;;;;;
;;;;;;;;;;;
;;;;;;;;;;;
;;;;;;;;;;;
;;;;;;;;;;;
;;;;;;;;;;;
;;;;;;;;;;;
;;;;;;;;;;;
;;;;;;;;;;;
;;;;;;;;;;;
;;;;;;;;;;;
;;;;;;;;;;;
;;;;;;;;;;;
;;;;;;;;;;;
;;;;;;;;;;;
;;;;;;;;;;;
;;;;;;;;;;;
;;;;;;;;;;;
;;;;;;;;;;;
;;;;;;;;;;;
;;;;;;;;;;;
;;;;;;;;;;;
;;;;;;;;;;;
;;;;;;;;;;;
;;;;;;;;;;;
;;;;;;;;;;;
;;;;;;;;;;;
;;;;;;;;;;;
;;;;;;;;;;;
;;;;;;;;;;;
;;;;;;;;;;;
;;;;;;;;;;;
;;;;;;;;;;;
;;;;;;;;;;;
;;;;;;;;;;;
;;;;;;;;;;;
;;;;;;;;;;;
;;;;;;;;;;;
;;;;;;;;;;;
;;;;;;;;;;;
;;;;;;;;;;;
;;;;;;;;;;;
;;;;;;;;;;;
;;;;;;;;;;;
;;;;;;;;;;;
;;;;;;;;;;;
;;;;;;;;;;;
;;;;;;;;;;;
;;;;;;;;;;;
;;;;;;;;;;;
;;;;;;;;;;;
;;;;;;;;;;;
;;;;;;;;;;;
;;;;;;;;;;;
;;;;;;;;;;;
;;;;;;;;;;;
;;;;;;;;;;;
;;;;;;;;;;;
;;;;;;;;;;;
;;;;;;;;;;;
;;;;;;;;;;;
;;;;;;;;;;;
;;;;;;;;;;;
;;;;;;;;;;;
;;;;;;;;;;;
;;;;;;;;;;;
;;;;;;;;;;;
;;;;;;;;;;;
;;;;;;;;;;;
;;;;;;;;;;;
;;;;;;;;;;;
;;;;;;;;;;;
;;;;;;;;;;;
;;;;;;;;;;;
;;;;;;;;;;;
;;;;;;;;;;;
;;;;;;;;;;;
;;;;;;;;;;;
;;;;;;;;;;;
;;;;;;;;;;;
;;;;;;;;;;;
;;;;;;;;;;;
;;;;;;;;;;;
;;;;;;;;;;;
;;;;;;;;;;;
;;;;;;;;;;;
;;;;;;;;;;;
;;;;;;;;;;;
;;;;;;;;;;;
;;;;;;;;;;;
;;;;;;;;;;;
;;;;;;;;;;;
;;;;;;;;;;;
;;;;;;;;;;;
;;;;;;;;;;;
;;;;;;;;;;;
;;;;;;;;;;;
;;;;;;;;;;;
;;;;;;;;;;;
;;;;;;;;;;;
;;;;;;;;;;;
;;;;;;;;;;;
;;;;;;;;;;;
;;;;;;;;;;;
;;;;;;;;;;;
;;;;;;;;;;;
;;;;;;;;;;;
;;;;;;;;;;;
;;;;;;;;;;;
;;;;;;;;;;;
;;;;;;;;;;;
;;;;;;;;;;;
;;;;;;;;;;;
;;;;;;;;;;;
;;;;;;;;;;;
;;;;;;;;;;;
;;;;;;;;;;;
;;;;;;;;;;;
;;;;;;;;;;;
;;;;;;;;;;;
;;;;;;;;;;;
;;;;;;;;;;;
;;;;;;;;;;;
;;;;;;;;;;;
;;;;;;;;;;;
;;;;;;;;;;;
;;;;;;;;;;;
;;;;;;;;;;;
;;;;;;;;;;;
;;;;;;;;;;;
;;;;;;;;;;;
;;;;;;;;;;;
;;;;;;;;;;;
;;;;;;;;;;;
;;;;;;;;;;;
;;;;;;;;;;;
;;;;;;;;;;;
;;;;;;;;;;;
;;;;;;;;;;;
;;;;;;;;;;;
;;;;;;;;;;;
;;;;;;;;;;;
;;;;;;;;;;;
;;;;;;;;;;;
;;;;;;;;;;;
;;;;;;;;;;;
;;;;;;;;;;;
;;;;;;;;;;;
;;;;;;;;;;;
;;;;;;;;;;;
;;;;;;;;;;;
;;;;;;;;;;;
;;;;;;;;;;;
;;;;;;;;;;;
;;;;;;;;;;;
;;;;;;;;;;;
;;;;;;;;;;;
;;;;;;;;;;;
;;;;;;;;;;;
;;;;;;;;;;;
;;;;;;;;;;;
;;;;;;;;;;;
;;;;;;;;;;;
;;;;;;;;;;;
;;;;;;;;;;;
;;;;;;;;;;;
;;;;;;;;;;;
;;;;;;;;;;;
;;;;;;;;;;;
;;;;;;;;;;;
;;;;;;;;;;;
;;;;;;;;;;;
;;;;;;;;;;;
;;;;;;;;;;;
;;;;;;;;;;;
;;;;;;;;;;;
;;;;;;;;;;;
;;;;;;;;;;;
;;;;;;;;;;;
;;;;;;;;;;;
;;;;;;;;;;;
;;;;;;;;;;;
;;;;;;;;;;;
;;;;;;;;;;;
;;;;;;;;;;;
;;;;;;;;;;;
;;;;;;;;;;;
;;;;;;;;;;;
;;;;;;;;;;;
;;;;;;;;;;;
;;;;;;;;;;;
;;;;;;;;;;;
;;;;;;;;;;;
;;;;;;;;;;;
;;;;;;;;;;;
;;;;;;;;;;;
;;;;;;;;;;;
;;;;;;;;;;;
;;;;;;;;;;;
;;;;;;;;;;;
;;;;;;;;;;;
;;;;;;;;;;;
;;;;;;;;;;;
;;;;;;;;;;;
;;;;;;;;;;;
;;;;;;;;;;;
;;;;;;;;;;;
;;;;;;;;;;;
;;;;;;;;;;;
;;;;;;;;;;;
;;;;;;;;;;;
;;;;;;;;;;;
;;;;;;;;;;;
;;;;;;;;;;;
;;;;;;;;;;;
;;;;;;;;;;;
;;;;;;;;;;;
;;;;;;;;;;;
;;;;;;;;;;;
;;;;;;;;;;;
;;;;;;;;;;;
;;;;;;;;;;;
;;;;;;;;;;;
;;;;;;;;;;;
;;;;;;;;;;;
;;;;;;;;;;;
;;;;;;;;;;;
;;;;;;;;;;;
;;;;;;;;;;;
;;;;;;;;;;;
;;;;;;;;;;;
;;;;;;;;;;;
;;;;;;;;;;;
;;;;;;;;;;;
;;;;;;;;;;;
;;;;;;;;;;;
;;;;;;;;;;;
;;;;;;;;;;;
;;;;;;;;;;;
;;;;;;;;;;;
;;;;;;;;;;;
;;;;;;;;;;;
;;;;;;;;;;;
;;;;;;;;;;;
;;;;;;;;;;;
;;;;;;;;;;;
;;;;;;;;;;;
;;;;;;;;;;;
;;;;;;;;;;;
;;;;;;;;;;;
;;;;;;;;;;;
;;;;;;;;;;;
;;;;;;;;;;;
;;;;;;;;;;;
;;;;;;;;;;;
;;;;;;;;;;;
;;;;;;;;;;;
;;;;;;;;;;;
;;;;;;;;;;;
;;;;;;;;;;;
;;;;;;;;;;;
;;;;;;;;;;;
;;;;;;;;;;;
;;;;;;;;;;;
;;;;;;;;;;;
;;;;;;;;;;;
;;;;;;;;;;;
;;;;;;;;;;;
;;;;;;;;;;;
;;;;;;;;;;;
;;;;;;;;;;;
;;;;;;;;;;;
;;;;;;;;;;;
;;;;;;;;;;;
;;;;;;;;;;;
;;;;;;;;;;;
;;;;;;;;;;;
;;;;;;;;;;;
;;;;;;;;;;;
;;;;;;;;;;;
;;;;;;;;;;;
;;;;;;;;;;;
;;;;;;;;;;;
;;;;;;;;;;;
;;;;;;;;;;;
;;;;;;;;;;;
;;;;;;;;;;;
;;;;;;;;;;;
;;;;;;;;;;;
;;;;;;;;;;;
;;;;;;;;;;;
;;;;;;;;;;;
;;;;;;;;;;;
;;;;;;;;;;;
;;;;;;;;;;;
;;;;;;;;;;;
;;;;;;;;;;;
;;;;;;;;;;;
;;;;;;;;;;;
;;;;;;;;;;;
;;;;;;;;;;;
;;;;;;;;;;;
;;;;;;;;;;;
;;;;;;;;;;;
;;;;;;;;;;;
;;;;;;;;;;;
;;;;;;;;;;;
;;;;;;;;;;;
;;;;;;;;;;;
;;;;;;;;;;;
;;;;;;;;;;;
;;;;;;;;;;;
;;;;;;;;;;;
;;;;;;;;;;;
;;;;;;;;;;;
;;;;;;;;;;;
;;;;;;;;;;;
;;;;;;;;;;;
;;;;;;;;;;;
;;;;;;;;;;;
;;;;;;;;;;;
;;;;;;;;;;;
;;;;;;;;;;;
;;;;;;;;;;;
;;;;;;;;;;;
;;;;;;;;;;;
;;;;;;;;;;;
;;;;;;;;;;;
;;;;;;;;;;;
;;;;;;;;;;;
;;;;;;;;;;;
;;;;;;;;;;;
;;;;;;;;;;;
;;;;;;;;;;;
;;;;;;;;;;;
;;;;;;;;;;;
;;;;;;;;;;;
;;;;;;;;;;;
;;;;;;;;;;;
;;;;;;;;;;;
;;;;;;;;;;;
;;;;;;;;;;;
;;;;;;;;;;;
;;;;;;;;;;;
;;;;;;;;;;;
;;;;;;;;;;;
;;;;;;;;;;;
;;;;;;;;;;;
;;;;;;;;;;;
;;;;;;;;;;;
;;;;;;;;;;;
;;;;;;;;;;;
;;;;;;;;;;;
;;;;;;;;;;;
;;;;;;;;;;;
;;;;;;;;;;;
;;;;;;;;;;;
;;;;;;;;;;;
;;;;;;;;;;;
;;;;;;;;;;;
;;;;;;;;;;;
;;;;;;;;;;;
;;;;;;;;;;;
;;;;;;;;;;;
;;;;;;;;;;;
;;;;;;;;;;;
;;;;;;;;;;;
;;;;;;;;;;;
;;;;;;;;;;;
;;;;;;;;;;;
;;;;;;;;;;;
;;;;;;;;;;;
;;;;;;;;;;;
;;;;;;;;;;;
;;;;;;;;;;;
;;;;;;;;;;;
;;;;;;;;;;;
;;;;;;;;;;;
;;;;;;;;;;;
;;;;;;;;;;;
;;;;;;;;;;;
;;;;;;;;;;;
;;;;;;;;;;;
;;;;;;;;;;;
;;;;;;;;;;;
;;;;;;;;;;;
;;;;;;;;;;;
;;;;;;;;;;;
;;;;;;;;;;;
;;;;;;;;;;;
;;;;;;;;;;;
;;;;;;;;;;;
;;;;;;;;;;;
;;;;;;;;;;;
;;;;;;;;;;;
;;;;;;;;;;;
;;;;;;;;;;;
;;;;;;;;;;;
;;;;;;;;;;;
;;;;;;;;;;;
;;;;;;;;;;;
;;;;;;;;;;;
;;;;;;;;;;;
;;;;;;;;;;;
;;;;;;;;;;;
;;;;;;;;;;;
;;;;;;;;;;;
;;;;;;;;;;;
;;;;;;;;;;;
;;;;;;;;;;;
;;;;;;;;;;;
;;;;;;;;;;;
;;;;;;;;;;;
;;;;;;;;;;;
;;;;;;;;;;;
;;;;;;;;;;;
;;;;;;;;;;;
;;;;;;;;;;;
;;;;;;;;;;;
;;;;;;;;;;;
;;;;;;;;;;;
;;;;;;;;;;;
;;;;;;;;;;;
;;;;;;;;;;;
;;;;;;;;;;;
;;;;;;;;;;;
;;;;;;;;;;;
;;;;;;;;;;;
;;;;;;;;;;;
;;;;;;;;;;;
;;;;;;;;;;;
;;;;;;;;;;;
;;;;;;;;;;;
;;;;;;;;;;;
;;;;;;;;;;;
;;;;;;;;;;;
;;;;;;;;;;;
;;;;;;;;;;;
;;;;;;;;;;;
;;;;;;;;;;;
;;;;;;;;;;;
;;;;;;;;;;;
;;;;;;;;;;;
;;;;;;;;;;;
;;;;;;;;;;;
;;;;;;;;;;;
;;;;;;;;;;;
;;;;;;;;;;;
;;;;;;;;;;;
;;;;;;;;;;;
;;;;;;;;;;;
;;;;;;;;;;;
;;;;;;;;;;;
;;;;;;;;;;;
;;;;;;;;;;;
;;;;;;;;;;;
;;;;;;;;;;;
;;;;;;;;;;;
;;;;;;;;;;;
;;;;;;;;;;;
;;;;;;;;;;;
;;;;;;;;;;;
;;;;;;;;;;;
;;;;;;;;;;;
;;;;;;;;;;;
;;;;;;;;;;;
;;;;;;;;;;;
;;;;;;;;;;;
;;;;;;;;;;;
;;;;;;;;;;;
;;;;;;;;;;;
;;;;;;;;;;;
;;;;;;;;;;;
;;;;;;;;;;;
;;;;;;;;;;;
;;;;;;;;;;;
;;;;;;;;;;;
;;;;;;;;;;;
;;;;;;;;;;;
;;;;;;;;;;;
;;;;;;;;;;;
;;;;;;;;;;;
;;;;;;;;;;;
;;;;;;;;;;;
;;;;;;;;;;;
;;;;;;;;;;;
;;;;;;;;;;;
;;;;;;;;;;;
;;;;;;;;;;;
;;;;;;;;;;;
;;;;;;;;;;;
;;;;;;;;;;;
;;;;;;;;;;;
;;;;;;;;;;;
;;;;;;;;;;;
;;;;;;;;;;;
;;;;;;;;;;;
;;;;;;;;;;;
;;;;;;;;;;;
;;;;;;;;;;;
;;;;;;;;;;;
;;;;;;;;;;;
;;;;;;;;;;;
;;;;;;;;;;;
;;;;;;;;;;;
;;;;;;;;;;;
;;;;;;;;;;;
;;;;;;;;;;;
;;;;;;;;;;;
;;;;;;;;;;;
;;;;;;;;;;;
;;;;;;;;;;;
;;;;;;;;;;;
;;;;;;;;;;;
;;;;;;;;;;;
;;;;;;;;;;;
;;;;;;;;;;;
;;;;;;;;;;;
;;;;;;;;;;;
;;;;;;;;;;;
;;;;;;;;;;;
;;;;;;;;;;;
;;;;;;;;;;;
;;;;;;;;;;;
;;;;;;;;;;;
;;;;;;;;;;;
;;;;;;;;;;;
;;;;;;;;;;;
;;;;;;;;;;;
;;;;;;;;;;;
;;;;;;;;;;;
;;;;;;;;;;;
;;;;;;;;;;;
;;;;;;;;;;;
;;;;;;;;;;;
;;;;;;;;;;;
;;;;;;;;;;;
;;;;;;;;;;;
;;;;;;;;;;;
;;;;;;;;;;;
;;;;;;;;;;;
;;;;;;;;;;;
;;;;;;;;;;;
;;;;;;;;;;;
;;;;;;;;;;;
;;;;;;;;;;;
;;;;;;;;;;;
;;;;;;;;;;;
;;;;;;;;;;;
;;;;;;;;;;;
;;;;;;;;;;;
;;;;;;;;;;;
;;;;;;;;;;;
;;;;;;;;;;;
;;;;;;;;;;;
;;;;;;;;;;;
;;;;;;;;;;;
;;;;;;;;;;;
;;;;;;;;;;;
;;;;;;;;;;;
;;;;;;;;;;;
;;;;;;;;;;;
;;;;;;;;;;;
;;;;;;;;;;;
;;;;;;;;;;;
;;;;;;;;;;;
;;;;;;;;;;;
;;;;;;;;;;;
;;;;;;;;;;;
;;;;;;;;;;;
;;;;;;;;;;;
;;;;;;;;;;;
;;;;;;;;;;;
;;;;;;;;;;;
;;;;;;;;;;;
;;;;;;;;;;;
;;;;;;;;;;;
;;;;;;;;;;;
;;;;;;;;;;;
;;;;;;;;;;;
;;;;;;;;;;;
;;;;;;;;;;;
;;;;;;;;;;;
;;;;;;;;;;;
;;;;;;;;;;;
;;;;;;;;;;;
;;;;;;;;;;;
;;;;;;;;;;;
;;;;;;;;;;;
;;;;;;;;;;;
;;;;;;;;;;;
;;;;;;;;;;;
;;;;;;;;;;;
;;;;;;;;;;;
;;;;;;;;;;;
;;;;;;;;;;;
;;;;;;;;;;;
;;;;;;;;;;;
;;;;;;;;;;;
;;;;;;;;;;;
;;;;;;;;;;;
;;;;;;;;;;;
;;;;;;;;;;;
;;;;;;;;;;;
;;;;;;;;;;;
;;;;;;;;;;;
;;;;;;;;;;;
;;;;;;;;;;;
;;;;;;;;;;;
;;;;;;;;;;;
;;;;;;;;;;;
;;;;;;;;;;;
;;;;;;;;;;;
;;;;;;;;;;;
;;;;;;;;;;;
;;;;;;;;;;;
;;;;;;;;;;;
;;;;;;;;;;;
;;;;;;;;;;;
;;;;;;;;;;;
;;;;;;;;;;;
;;;;;;;;;;;
;;;;;;;;;;;
;;;;;;;;;;;
;;;;;;;;;;;
;;;;;;;;;;;
;;;;;;;;;;;
;;;;;;;;;;;
;;;;;;;;;;;
;;;;;;;;;;;
;;;;;;;;;;;
;;;;;;;;;;;
;;;;;;;;;;;
;;;;;;;;;;;
;;;;;;;;;;;
;;;;;;;;;;;
;;;;;;;;;;;
;;;;;;;;;;;
;;;;;;;;;;;
;;;;;;;;;;;
;;;;;;;;;;;
;;;;;;;;;;;
;;;;;;;;;;;
;;;;;;;;;;;
;;;;;;;;;;;
;;;;;;;;;;;
;;;;;;;;;;;
;;;;;;;;;;;
;;;;;;;;;;;
;;;;;;;;;;;
;;;;;;;;;;;
;;;;;;;;;;;
;;;;;;;;;;;
;;;;;;;;;;;
;;;;;;;;;;;
;;;;;;;;;;;
;;;;;;;;;;;
;;;;;;;;;;;
;;;;;;;;;;;
;;;;;;;;;;;
;;;;;;;;;;;
;;;;;;;;;;;
;;;;;;;;;;;
;;;;;;;;;;;
;;;;;;;;;;;
;;;;;;;;;;;
;;;;;;;;;;;
;;;;;;;;;;;
;;;;;;;;;;;
;;;;;;;;;;;
;;;;;;;;;;;
;;;;;;;;;;;
;;;;;;;;;;;
;;;;;;;;;;;
;;;;;;;;;;;
;;;;;;;;;;;
;;;;;;;;;;;
;;;;;;;;;;;
;;;;;;;;;;;
;;;;;;;;;;;
;;;;;;;;;;;
;;;;;;;;;;;
;;;;;;;;;;;
;;;;;;;;;;;
;;;;;;;;;;;
;;;;;;;;;;;
;;;;;;;;;;;
;;;;;;;;;;;
;;;;;;;;;;;
;;;;;;;;;;;
;;;;;;;;;;;
;;;;;;;;;;;
;;;;;;;;;;;
;;;;;;;;;;;
;;;;;;;;;;;
;;;;;;;;;;;
;;;;;;;;;;;
;;;;;;;;;;;
;;;;;;;;;;;
;;;;;;;;;;;
;;;;;;;;;;;
;;;;;;;;;;;
;;;;;;;;;;;
;;;;;;;;;;;
;;;;;;;;;;;
;;;;;;;;;;;
;;;;;;;;;;;
;;;;;;;;;;;
;;;;;;;;;;;
;;;;;;;;;;;
;;;;;;;;;;;
;;;;;;;;;;;
;;;;;;;;;;;
;;;;;;;;;;;
;;;;;;;;;;;
;;;;;;;;;;;
;;;;;;;;;;;
;;;;;;;;;;;
;;;;;;;;;;;
;;;;;;;;;;;
;;;;;;;;;;;
;;;;;;;;;;;
;;;;;;;;;;;
;;;;;;;;;;;
;;;;;;;;;;;
;;;;;;;;;;;
;;;;;;;;;;;
;;;;;;;;;;;
;;;;;;;;;;;
;;;;;;;;;;;
;;;;;;;;;;;
;;;;;;;;;;;
;;;;;;;;;;;
;;;;;;;;;;;
;;;;;;;;;;;
;;;;;;;;;;;
;;;;;;;;;;;
;;;;;;;;;;;
;;;;;;;;;;;
;;;;;;;;;;;
;;;;;;;;;;;
;;;;;;;;;;;
;;;;;;;;;;;
;;;;;;;;;;;
;;;;;;;;;;;
;;;;;;;;;;;
;;;;;;;;;;;
;;;;;;;;;;;
;;;;;;;;;;;
;;;;;;;;;;;
;;;;;;;;;;;
;;;;;;;;;;;
;;;;;;;;;;;
;;;;;;;;;;;
;;;;;;;;;;;
;;;;;;;;;;;
;;;;;;;;;;;
;;;;;;;;;;;
;;;;;;;;;;;
;;;;;;;;;;;
;;;;;;;;;;;
;;;;;;;;;;;
;;;;;;;;;;;
;;;;;;;;;;;
;;;;;;;;;;;
;;;;;;;;;;;
;;;;;;;;;;;
;;;;;;;;;;;
;;;;;;;;;;;
;;;;;;;;;;;
;;;;;;;;;;;
;;;;;;;;;;;
;;;;;;;;;;;
;;;;;;;;;;;
;;;;;;;;;;;
;;;;;;;;;;;
;;;;;;;;;;;
;;;;;;;;;;;
;;;;;;;;;;;
;;;;;;;;;;;
;;;;;;;;;;;
;;;;;;;;;;;
;;;;;;;;;;;
;;;;;;;;;;;
;;;;;;;;;;;
;;;;;;;;;;;
;;;;;;;;;;;
;;;;;;;;;;;
;;;;;;;;;;;
;;;;;;;;;;;
;;;;;;;;;;;
;;;;;;;;;;;
;;;;;;;;;;;
;;;;;;;;;;;
;;;;;;;;;;;
;;;;;;;;;;;
;;;;;;;;;;;
;;;;;;;;;;;
;;;;;;;;;;;
;;;;;;;;;;;
;;;;;;;;;;;
;;;;;;;;;;;
;;;;;;;;;;;
;;;;;;;;;;;
;;;;;;;;;;;
;;;;;;;;;;;
;;;;;;;;;;;
;;;;;;;;;;;
;;;;;;;;;;;
;;;;;;;;;;;
;;;;;;;;;;;
;;;;;;;;;;;
;;;;;;;;;;;
;;;;;;;;;;;
;;;;;;;;;;;
;;;;;;;;;;;
;;;;;;;;;;;
;;;;;;;;;;;
;;;;;;;;;;;
;;;;;;;;;;;
;;;;;;;;;;;
;;;;;;;;;;;
;;;;;;;;;;;
;;;;;;;;;;;
;;;;;;;;;;;
;;;;;;;;;;;
;;;;;;;;;;;
;;;;;;;;;;;
;;;;;;;;;;;
;;;;;;;;;;;
;;;;;;;;;;;
;;;;;;;;;;;
;;;;;;;;;;;
;;;;;;;;;;;
;;;;;;;;;;;
;;;;;;;;;;;
;;;;;;;;;;;
;;;;;;;;;;;
;;;;;;;;;;;
;;;;;;;;;;;
;;;;;;;;;;;
;;;;;;;;;;;
;;;;;;;;;;;
;;;;;;;;;;;
;;;;;;;;;;;
;;;;;;;;;;;
;;;;;;;;;;;
;;;;;;;;;;;
;;;;;;;;;;;
;;;;;;;;;;;
;;;;;;;;;;;
;;;;;;;;;;;
;;;;;;;;;;;
;;;;;;;;;;;
;;;;;;;;;;;
;;;;;;;;;;;
;;;;;;;;;;;
;;;;;;;;;;;
;;;;;;;;;;;
;;;;;;;;;;;
;;;;;;;;;;;
;;;;;;;;;;;
;;;;;;;;;;;
;;;;;;;;;;;
;;;;;;;;;;;
;;;;;;;;;;;
;;;;;;;;;;;
;;;;;;;;;;;
;;;;;;;;;;;
;;;;;;;;;;;
;;;;;;;;;;;
;;;;;;;;;;;
;;;;;;;;;;;
;;;;;;;;;;;
;;;;;;;;;;;
;;;;;;;;;;;
;;;;;;;;;;;
;;;;;;;;;;;
;;;;;;;;;;;
;;;;;;;;;;;
;;;;;;;;;;;
;;;;;;;;;;;
;;;;;;;;;;;
;;;;;;;;;;;
;;;;;;;;;;;
;;;;;;;;;;;
;;;;;;;;;;;
;;;;;;;;;;;
;;;;;;;;;;;
;;;;;;;;;;;
;;;;;;;;;;;
;;;;;;;;;;;
;;;;;;;;;;;
;;;;;;;;;;;
;;;;;;;;;;;
;;;;;;;;;;;
;;;;;;;;;;;
;;;;;;;;;;;
;;;;;;;;;;;
;;;;;;;;;;;
;;;;;;;;;;;
;;;;;;;;;;;
;;;;;;;;;;;
;;;;;;;;;;;
;;;;;;;;;;;
;;;;;;;;;;;
;;;;;;;;;;;
;;;;;;;;;;;
;;;;;;;;;;;
;;;;;;;;;;;
;;;;;;;;;;;
;;;;;;;;;;;
;;;;;;;;;;;
;;;;;;;;;;;
;;;;;;;;;;;
;;;;;;;;;;;
;;;;;;;;;;;
;;;;;;;;;;;
;;;;;;;;;;;
;;;;;;;;;;;
;;;;;;;;;;;
;;;;;;;;;;;
;;;;;;;;;;;
;;;;;;;;;;;
;;;;;;;;;;;
;;;;;;;;;;;
;;;;;;;;;;;
;;;;;;;;;;;
;;;;;;;;;;;
;;;;;;;;;;;
;;;;;;;;;;;
;;;;;;;;;;;
;;;;;;;;;;;
;;;;;;;;;;;
;;;;;;;;;;;
;;;;;;;;;;;
;;;;;;;;;;;
;;;;;;;;;;;
;;;;;;;;;;;
;;;;;;;;;;;
;;;;;;;;;;;
;;;;;;;;;;;
;;;;;;;;;;;
;;;;;;;;;;;
;;;;;;;;;;;
;;;;;;;;;;;
;;;;;;;;;;;
;;;;;;;;;;;
;;;;;;;;;;;
;;;;;;;;;;;
;;;;;;;;;;;
;;;;;;;;;;;
;;;;;;;;;;;
;;;;;;;;;;;
;;;;;;;;;;;
;;;;;;;;;;;
;;;;;;;;;;;
;;;;;;;;;;;
;;;;;;;;;;;
;;;;;;;;;;;
;;;;;;;;;;;
;;;;;;;;;;;
;;;;;;;;;;;
;;;;;;;;;;;
;;;;;;;;;;;
;;;;;;;;;;;
;;;;;;;;;;;
;;;;;;;;;;;
;;;;;;;;;;;
;;;;;;;;;;;
;;;;;;;;;;;
;;;;;;;;;;;
;;;;;;;;;;;
;;;;;;;;;;;
;;;;;;;;;;;
;;;;;;;;;;;
;;;;;;;;;;;
;;;;;;;;;;;
;;;;;;;;;;;
;;;;;;;;;;;
;;;;;;;;;;;
;;;;;;;;;;;
;;;;;;;;;;;
;;;;;;;;;;;
;;;;;;;;;;;
;;;;;;;;;;;
;;;;;;;;;;;
;;;;;;;;;;;
;;;;;;;;;;;
;;;;;;;;;;;
;;;;;;;;;;;
;;;;;;;;;;;
;;;;;;;;;;;
;;;;;;;;;;;
;;;;;;;;;;;
;;;;;;;;;;;
;;;;;;;;;;;
;;;;;;;;;;;
;;;;;;;;;;;
;;;;;;;;;;;
;;;;;;;;;;;
;;;;;;;;;;;
;;;;;;;;;;;
;;;;;;;;;;;
;;;;;;;;;;;
;;;;;;;;;;;
;;;;;;;;;;;
;;;;;;;;;;;
;;;;;;;;;;;
;;;;;;;;;;;
;;;;;;;;;;;
;;;;;;;;;;;
;;;;;;;;;;;
;;;;;;;;;;;
;;;;;;;;;;;
;;;;;;;;;;;
;;;;;;;;;;;
;;;;;;;;;;;
;;;;;;;;;;;
;;;;;;;;;;;
;;;;;;;;;;;
;;;;;;;;;;;
;;;;;;;;;;;
;;;;;;;;;;;
;;;;;;;;;;;
;;;;;;;;;;;
;;;;;;;;;;;
;;;;;;;;;;;
;;;;;;;;;;;
;;;;;;;;;;;
;;;;;;;;;;;
;;;;;;;;;;;
;;;;;;;;;;;
;;;;;;;;;;;
;;;;;;;;;;;
;;;;;;;;;;;
;;;;;;;;;;;
;;;;;;;;;;;
;;;;;;;;;;;
;;;;;;;;;;;
;;;;;;;;;;;
;;;;;;;;;;;
;;;;;;;;;;;
;;;;;;;;;;;
;;;;;;;;;;;
;;;;;;;;;;;
;;;;;;;;;;;
;;;;;;;;;;;
;;;;;;;;;;;
;;;;;;;;;;;
;;;;;;;;;;;
;;;;;;;;;;;
;;;;;;;;;;;
;;;;;;;;;;;
;;;;;;;;;;;
;;;;;;;;;;;
;;;;;;;;;;;
;;;;;;;;;;;
;;;;;;;;;;;
;;;;;;;;;;;
;;;;;;;;;;;
;;;;;;;;;;;
;;;;;;;;;;;
;;;;;;;;;;;
;;;;;;;;;;;
;;;;;;;;;;;
;;;;;;;;;;;
;;;;;;;;;;;
;;;;;;;;;;;
;;;;;;;;;;;
;;;;;;;;;;;
;;;;;;;;;;;
;;;;;;;;;;;
;;;;;;;;;;;
;;;;;;;;;;;
;;;;;;;;;;;
;;;;;;;;;;;
;;;;;;;;;;;
;;;;;;;;;;;
;;;;;;;;;;;
;;;;;;;;;;;
;;;;;;;;;;;
;;;;;;;;;;;
;;;;;;;;;;;
;;;;;;;;;;;
;;;;;;;;;;;
;;;;;;;;;;;
;;;;;;;;;;;
;;;;;;;;;;;
;;;;;;;;;;;
;;;;;;;;;;;
;;;;;;;;;;;
;;;;;;;;;;;
;;;;;;;;;;;
;;;;;;;;;;;
;;;;;;;;;;;
;;;;;;;;;;;
;;;;;;;;;;;
;;;;;;;;;;;
;;;;;;;;;;;
;;;;;;;;;;;
;;;;;;;;;;;
;;;;;;;;;;;
;;;;;;;;;;;
;;;;;;;;;;;
;;;;;;;;;;;
;;;;;;;;;;;
;;;;;;;;;;;
;;;;;;;;;;;
;;;;;;;;;;;
;;;;;;;;;;;
;;;;;;;;;;;
;;;;;;;;;;;
;;;;;;;;;;;
;;;;;;;;;;;
;;;;;;;;;;;
;;;;;;;;;;;
;;;;;;;;;;;
;;;;;;;;;;;
;;;;;;;;;;;
;;;;;;;;;;;
;;;;;;;;;;;
;;;;;;;;;;;
;;;;;;;;;;;
;;;;;;;;;;;
;;;;;;;;;;;
;;;;;;;;;;;
;;;;;;;;;;;
;;;;;;;;;;;
;;;;;;;;;;;
;;;;;;;;;;;
;;;;;;;;;;;
;;;;;;;;;;;
;;;;;;;;;;;
;;;;;;;;;;;
;;;;;;;;;;;
;;;;;;;;;;;
;;;;;;;;;;;
;;;;;;;;;;;
;;;;;;;;;;;
;;;;;;;;;;;
;;;;;;;;;;;
;;;;;;;;;;;
;;;;;;;;;;;
;;;;;;;;;;;
;;;;;;;;;;;
;;;;;;;;;;;
;;;;;;;;;;;
;;;;;;;;;;;
;;;;;;;;;;;
;;;;;;;;;;;
;;;;;;;;;;;
;;;;;;;;;;;
;;;;;;;;;;;
;;;;;;;;;;;
;;;;;;;;;;;
;;;;;;;;;;;
;;;;;;;;;;;
;;;;;;;;;;;
;;;;;;;;;;;
;;;;;;;;;;;
;;;;;;;;;;;
;;;;;;;;;;;
;;;;;;;;;;;
;;;;;;;;;;;
;;;;;;;;;;;
;;;;;;;;;;;
;;;;;;;;;;;
;;;;;;;;;;;
;;;;;;;;;;;
;;;;;;;;;;;
;;;;;;;;;;;
;;;;;;;;;;;
;;;;;;;;;;;
;;;;;;;;;;;
;;;;;;;;;;;
;;;;;;;;;;;
;;;;;;;;;;;
;;;;;;;;;;;
;;;;;;;;;;;
;;;;;;;;;;;
;;;;;;;;;;;
;;;;;;;;;;;
;;;;;;;;;;;
;;;;;;;;;;;
;;;;;;;;;;;
;;;;;;;;;;;
;;;;;;;;;;;
;;;;;;;;;;;
;;;;;;;;;;;
;;;;;;;;;;;
;;;;;;;;;;;
;;;;;;;;;;;
;;;;;;;;;;;
;;;;;;;;;;;
;;;;;;;;;;;
;;;;;;;;;;;
;;;;;;;;;;;
;;;;;;;;;;;
;;;;;;;;;;;
;;;;;;;;;;;
;;;;;;;;;;;
;;;;;;;;;;;
;;;;;;;;;;;
;;;;;;;;;;;
;;;;;;;;;;;
;;;;;;;;;;;
;;;;;;;;;;;
;;;;;;;;;;;
;;;;;;;;;;;
;;;;;;;;;;;
;;;;;;;;;;;
;;;;;;;;;;;
;;;;;;;;;;;
;;;;;;;;;;;
;;;;;;;;;;;
;;;;;;;;;;;
;;;;;;;;;;;
;;;;;;;;;;;
;;;;;;;;;;;
;;;;;;;;;;;
;;;;;;;;;;;
;;;;;;;;;;;
;;;;;;;;;;;
;;;;;;;;;;;
;;;;;;;;;;;
;;;;;;;;;;;
;;;;;;;;;;;
;;;;;;;;;;;
;;;;;;;;;;;
;;;;;;;;;;;
;;;;;;;;;;;
;;;;;;;;;;;
;;;;;;;;;;;
;;;;;;;;;;;
;;;;;;;;;;;
;;;;;;;;;;;
;;;;;;;;;;;
;;;;;;;;;;;
;;;;;;;;;;;
;;;;;;;;;;;
;;;;;;;;;;;
;;;;;;;;;;;
;;;;;;;;;;;
;;;;;;;;;;;
;;;;;;;;;;;
;;;;;;;;;;;
;;;;;;;;;;;
;;;;;;;;;;;
;;;;;;;;;;;
;;;;;;;;;;;
;;;;;;;;;;;
;;;;;;;;;;;
;;;;;;;;;;;
;;;;;;;;;;;
;;;;;;;;;;;
;;;;;;;;;;;
;;;;;;;;;;;
;;;;;;;;;;;
;;;;;;;;;;;
;;;;;;;;;;;
;;;;;;;;;;;
;;;;;;;;;;;
;;;;;;;;;;;
;;;;;;;;;;;
;;;;;;;;;;;
;;;;;;;;;;;
;;;;;;;;;;;
;;;;;;;;;;;
;;;;;;;;;;;
;;;;;;;;;;;
;;;;;;;;;;;
;;;;;;;;;;;
;;;;;;;;;;;
;;;;;;;;;;;
;;;;;;;;;;;
;;;;;;;;;;;
;;;;;;;;;;;
;;;;;;;;;;;
;;;;;;;;;;;
;;;;;;;;;;;
;;;;;;;;;;;
;;;;;;;;;;;
;;;;;;;;;;;
;;;;;;;;;;;
;;;;;;;;;;;
;;;;;;;;;;;
;;;;;;;;;;;
;;;;;;;;;;;
;;;;;;;;;;;
;;;;;;;;;;;
;;;;;;;;;;;
;;;;;;;;;;;
;;;;;;;;;;;
;;;;;;;;;;;
;;;;;;;;;;;
;;;;;;;;;;;
;;;;;;;;;;;
;;;;;;;;;;;
;;;;;;;;;;;
;;;;;;;;;;;
;;;;;;;;;;;
;;;;;;;;;;;
;;;;;;;;;;;
;;;;;;;;;;;
;;;;;;;;;;;
;;;;;;;;;;;
;;;;;;;;;;;
;;;;;;;;;;;
;;;;;;;;;;;
;;;;;;;;;;;
;;;;;;;;;;;
;;;;;;;;;;;
;;;;;;;;;;;
;;;;;;;;;;;
;;;;;;;;;;;
;;;;;;;;;;;
;;;;;;;;;;;
;;;;;;;;;;;
;;;;;;;;;;;
;;;;;;;;;;;
;;;;;;;;;;;
;;;;;;;;;;;
;;;;;;;;;;;
;;;;;;;;;;;
;;;;;;;;;;;
;;;;;;;;;;;
;;;;;;;;;;;
;;;;;;;;;;;
;;;;;;;;;;;
;;;;;;;;;;;
;;;;;;;;;;;
;;;;;;;;;;;
;;;;;;;;;;;
;;;;;;;;;;;
;;;;;;;;;;;
;;;;;;;;;;;
;;;;;;;;;;;
;;;;;;;;;;;
;;;;;;;;;;;
;;;;;;;;;;;
;;;;;;;;;;;
;;;;;;;;;;;
;;;;;;;;;;;
;;;;;;;;;;;
;;;;;;;;;;;
;;;;;;;;;;;
;;;;;;;;;;;
;;;;;;;;;;;
;;;;;;;;;;;
;;;;;;;;;;;
;;;;;;;;;;;
;;;;;;;;;;;
;;;;;;;;;;;
;;;;;;;;;;;
;;;;;;;;;;;
;;;;;;;;;;;
;;;;;;;;;;;
;;;;;;;;;;;
;;;;;;;;;;;
;;;;;;;;;;;
;;;;;;;;;;;
;;;;;;;;;;;
;;;;;;;;;;;
;;;;;;;;;;;
;;;;;;;;;;;
;;;;;;;;;;;
;;;;;;;;;;;
;;;;;;;;;;;
;;;;;;;;;;;
;;;;;;;;;;;
;;;;;;;;;;;
;;;;;;;;;;;
;;;;;;;;;;;
;;;;;;;;;;;
;;;;;;;;;;;
;;;;;;;;;;;
;;;;;;;;;;;
;;;;;;;;;;;
;;;;;;;;;;;
;;;;;;;;;;;
;;;;;;;;;;;
;;;;;;;;;;;
;;;;;;;;;;;
;;;;;;;;;;;
;;;;;;;;;;;
;;;;;;;;;;;
;;;;;;;;;;;
;;;;;;;;;;;
;;;;;;;;;;;
;;;;;;;;;;;
;;;;;;;;;;;
;;;;;;;;;;;
;;;;;;;;;;;
;;;;;;;;;;;
;;;;;;;;;;;
;;;;;;;;;;;
;;;;;;;;;;;
;;;;;;;;;;;
;;;;;;;;;;;
;;;;;;;;;;;
;;;;;;;;;;;
;;;;;;;;;;;
;;;;;;;;;;;
;;;;;;;;;;;
;;;;;;;;;;;
;;;;;;;;;;;
;;;;;;;;;;;
;;;;;;;;;;;
;;;;;;;;;;;
;;;;;;;;;;;
;;;;;;;;;;;
;;;;;;;;;;;
;;;;;;;;;;;
;;;;;;;;;;;
;;;;;;;;;;;
;;;;;;;;;;;
;;;;;;;;;;;
;;;;;;;;;;;
;;;;;;;;;;;
;;;;;;;;;;;
;;;;;;;;;;;
;;;;;;;;;;;
;;;;;;;;;;;
;;;;;;;;;;;
;;;;;;;;;;;
;;;;;;;;;;;
;;;;;;;;;;;
;;;;;;;;;;;
;;;;;;;;;;;
;;;;;;;;;;;
;;;;;;;;;;;
;;;;;;;;;;;
;;;;;;;;;;;
;;;;;;;;;;;
;;;;;;;;;;;
;;;;;;;;;;;
;;;;;;;;;;;
;;;;;;;;;;;
;;;;;;;;;;;
;;;;;;;;;;;
;;;;;;;;;;;
;;;;;;;;;;;
;;;;;;;;;;;
;;;;;;;;;;;
;;;;;;;;;;;
;;;;;;;;;;;
;;;;;;;;;;;
;;;;;;;;;;;
;;;;;;;;;;;
;;;;;;;;;;;
;;;;;;;;;;;
;;;;;;;;;;;
;;;;;;;;;;;
;;;;;;;;;;;
;;;;;;;;;;;
;;;;;;;;;;;
;;;;;;;;;;;
;;;;;;;;;;;
;;;;;;;;;;;
;;;;;;;;;;;
;;;;;;;;;;;
;;;;;;;;;;;
;;;;;;;;;;;
;;;;;;;;;;;
;;;;;;;;;;;
;;;;;;;;;;;
;;;;;;;;;;;
;;;;;;;;;;;
;;;;;;;;;;;
;;;;;;;;;;;
;;;;;;;;;;;
;;;;;;;;;;;
;;;;;;;;;;;
;;;;;;;;;;;
;;;;;;;;;;;
;;;;;;;;;;;
;;;;;;;;;;;
;;;;;;;;;;;
;;;;;;;;;;;
;;;;;;;;;;;
;;;;;;;;;;;
;;;;;;;;;;;
;;;;;;;;;;;
;;;;;;;;;;;
;;;;;;;;;;;
;;;;;;;;;;;
;;;;;;;;;;;
;;;;;;;;;;;
;;;;;;;;;;;
;;;;;;;;;;;
;;;;;;;;;;;
;;;;;;;;;;;
;;;;;;;;;;;
;;;;;;;;;;;
;;;;;;;;;;;
;;;;;;;;;;;
;;;;;;;;;;;
;;;;;;;;;;;
;;;;;;;;;;;
;;;;;;;;;;;
;;;;;;;;;;;
;;;;;;;;;;;
;;;;;;;;;;;
;;;;;;;;;;;
;;;;;;;;;;;
;;;;;;;;;;;
;;;;;;;;;;;
;;;;;;;;;;;
;;;;;;;;;;;
;;;;;;;;;;;
;;;;;;;;;;;
;;;;;;;;;;;
;;;;;;;;;;;
;;;;;;;;;;;
;;;;;;;;;;;
;;;;;;;;;;;
;;;;;;;;;;;
;;;;;;;;;;;
;;;;;;;;;;;
;;;;;;;;;;;
;;;;;;;;;;;
;;;;;;;;;;;
;;;;;;;;;;;
;;;;;;;;;;;
;;;;;;;;;;;
;;;;;;;;;;;
;;;;;;;;;;;
;;;;;;;;;;;
;;;;;;;;;;;
;;;;;;;;;;;
;;;;;;;;;;;
;;;;;;;;;;;
;;;;;;;;;;;
;;;;;;;;;;;
;;;;;;;;;;;
;;;;;;;;;;;
;;;;;;;;;;;
;;;;;;;;;;;
;;;;;;;;;;;
;;;;;;;;;;;
;;;;;;;;;;;
;;;;;;;;;;;
;;;;;;;;;;;
;;;;;;;;;;;
;;;;;;;;;;;
;;;;;;;;;;;
;;;;;;;;;;;
;;;;;;;;;;;
;;;;;;;;;;;
;;;;;;;;;;;
;;;;;;;;;;;
;;;;;;;;;;;
;;;;;;;;;;;
;;;;;;;;;;;
;;;;;;;;;;;
;;;;;;;;;;;
;;;;;;;;;;;
;;;;;;;;;;;
;;;;;;;;;;;
;;;;;;;;;;;
;;;;;;;;;;;
;;;;;;;;;;;
;;;;;;;;;;;
;;;;;;;;;;;
;;;;;;;;;;;
;;;;;;;;;;;
;;;;;;;;;;;
;;;;;;;;;;;
;;;;;;;;;;;
;;;;;;;;;;;
;;;;;;;;;;;
;;;;;;;;;;;
;;;;;;;;;;;
;;;;;;;;;;;
;;;;;;;;;;;
;;;;;;;;;;;
;;;;;;;;;;;
;;;;;;;;;;;
;;;;;;;;;;;
;;;;;;;;;;;
;;;;;;;;;;;
;;;;;;;;;;;
;;;;;;;;;;;
;;;;;;;;;;;
;;;;;;;;;;;
;;;;;;;;;;;
;;;;;;;;;;;
;;;;;;;;;;;
;;;;;;;;;;;
;;;;;;;;;;;
;;;;;;;;;;;
;;;;;;;;;;;
;;;;;;;;;;;
;;;;;;;;;;;
;;;;;;;;;;;
;;;;;;;;;;;
;;;;;;;;;;;
;;;;;;;;;;;
;;;;;;;;;;;
;;;;;;;;;;;
;;;;;;;;;;;
;;;;;;;;;;;
;;;;;;;;;;;
;;;;;;;;;;;
;;;;;;;;;;;
;;;;;;;;;;;
;;;;;;;;;;;
;;;;;;;;;;;
;;;;;;;;;;;
;;;;;;;;;;;
;;;;;;;;;;;
;;;;;;;;;;;
;;;;;;;;;;;
;;;;;;;;;;;
;;;;;;;;;;;
;;;;;;;;;;;
;;;;;;;;;;;
;;;;;;;;;;;
